pH,Moisture,N,P,K,Quality
6.996714153011233,70.99033154879004,29.872325875384277,10.921924421226091,21.36506395035066,1.0
6.361735698828816,63.869505243691535,37.83221993926723,21.39614989220498,29.68796511060916,2.0
7.1476885381006925,50.89445554880261,28.11370118500058,25.863944665783556,30.180168720444467,2.0
8.023029856408025,40.295948334416394,35.38057705541439,48.8768765734019,34.72630345843406,2.0
6.265846625276664,60.47334970420385,11.595779995693213,35.56553124533758,16.331416367191736,1.0
6.265863043050819,55.90228078132624,43.19940561059408,16.64518430900109,35.92567273847331,2.0
8.079212815507391,63.42789830041598,40.01808213043336,34.86036289417637,2.956083683972249,1.0
7.2674347291529084,59.52757702522954,27.74367053397714,14.526960110616345,23.701154476361896,1.0
6.030525614065048,65.74329072979003,49.88868502648607,40.826910538870735,25.117261575484555,2.0
7.042560043585965,41.97147182659148,54.06355206439838,25.288753481821214,36.33326826071239,2.0
6.036582307187538,69.76091098451488,15.886602034465387,29.06363811260829,30.22630852676869,1.0
6.0342702464297435,52.96399407038599,28.559128321506787,43.2579664754219,15.944369461437134,1.0
6.741962271566035,81.12891308937898,28.462864753190527,17.1283643141575,20.15006874182985,1.0
4.586719755342202,39.66218272865648,25.90145348336703,16.028818148870087,31.98680009547407,0.0
4.775082167486968,76.03945704747875,52.44212262897623,24.164006736539953,29.209326581354436,1.0
5.937712470759028,52.96866175193972,37.09260791840795,40.38378851019317,24.208758903642536,2.0
5.487168879665576,40.22872994578327,36.03227738034084,14.806539245231576,25.19166210488021,1.0
6.814247332595274,42.741712489185176,9.942064533898698,1.6784440188943108,36.961679971592886,1.0
5.591975924478789,45.1947903770852,49.5312704531384,25.48841141591001,24.823074271307853,2.0
5.087696298664708,56.36248919602875,21.41112407719791,35.5174079991092,29.119087559709268,1.0
7.965648768921554,57.84253232053249,40.89898945399492,42.00261749738829,51.69936588080543,2.0
6.274223699513464,41.394499940921314,44.160654069372875,25.36838637914601,15.76317363116077,2.0
6.567528204687924,49.634681116085254,60.40987893757976,25.885733928839976,11.481572684253415,2.0
5.075251813786544,82.13405537917795,20.36769401321332,41.53900734255747,37.83589664798607,1.0
5.955617275474817,75.91314755151066,0.0,11.302583003045793,23.213569387058968,0.0
6.610922589709866,56.54485504511048,42.75774317130542,26.114792248169906,26.817624722573797,2.0
5.349006422577697,50.570052172523006,67.0076677226628,31.90423889925058,22.188436218688857,2.0
6.8756980183456715,51.80046990077392,58.58419529409156,34.49218721285034,27.401998592324876,2.0
5.899361310081195,59.20276959095625,43.14489122911939,24.901933068091175,45.98538112096341,2.0
6.208306250206723,34.658111522023916,32.62545721551929,30.344410117058413,38.021284586181196,2.0
5.898293387770603,46.139351938649824,52.10683894955966,5.116726465870105,38.62223511886977,1.0
8.352278184508938,24.97123889183616,25.396807004432972,23.41751587666152,15.837729442073545,0.0
6.486502775262066,55.98834683907919,47.14536654034329,34.53508712554468,18.488462634471308,2.0
5.442289071044099,59.707939095541114,47.5820523874994,20.177059657453206,1.6092134051457307,1.0
7.322544912103189,42.75220306550939,55.90314861248319,30.589842215895974,21.90619178917246,2.0
5.279156350028978,73.6098014493505,81.39490058366616,34.46872500802698,39.567031863856585,1.0
6.708863595004756,31.613515054964882,45.88623950768151,26.57450799142235,35.16946515748371,2.0
4.540329876120224,28.034376796852698,32.36554561438752,31.70463770996571,27.78486737047876,1.0
5.171813951101569,53.36677727839958,39.616385317120084,20.372674347153875,29.77699716281947,2.0
6.6968612358691235,65.70647453918232,13.463861426663225,27.933887203039532,23.111144574245944,1.0
7.238466579995411,75.25891537186803,29.579303033664125,36.10216169589223,32.04758882401784,1.0
6.67136828118997,43.1167360569659,33.86076342830344,31.56972960968434,37.65878279480615,2.0
6.38435171761176,66.18021250146944,32.138674030981115,24.134687304360646,13.841132125895271,1.0
6.198896304410711,49.422372957489394,42.28532308050583,32.24216404290793,32.99647687837348,2.0
5.021478009632572,47.41059050088771,27.66370101426699,37.14609790636618,39.32434870954667,1.0
5.780155791605291,63.25489906230008,56.81546000986707,9.50058721422522,25.848997110366305,1.0
6.039361229040212,59.78484317620129,40.00310597377295,41.59074064955898,37.00700612120583,2.0
7.557122226218915,26.354117645236258,39.860495182920786,26.637452613189282,58.14654444472553,1.0
6.843618289568461,72.14810524588844,35.081579252306234,34.2548993324023,28.95657207013108,2.0
4.736959844637266,70.70137031221176,42.32786025788469,41.97246923645228,33.93307050005323,1.0
6.8240839693947954,40.61655947735706,52.37647397001452,16.28326302769534,22.619429163386084,2.0
6.1149177195836835,55.93705300156114,26.993046764336498,22.905589975724535,31.812511626020505,2.0
5.823077999694041,57.41045279424108,30.12825266387115,27.11451304124295,34.60271624982304,2.0
7.111676288840868,53.910106487358604,35.44410956835003,22.162464788755717,31.94842340270138,2.0
7.530999522495951,41.7454226923187,19.811936147901775,47.34936575836808,19.80304680291143,1.0
7.431280119116199,39.92564948092922,27.711132104177533,21.432279061732075,32.06361771325451,1.0
5.660782476777362,49.61668893512832,32.85668689683011,24.444532205131335,44.62195938717637,2.0
6.190787624148785,67.59093528889048,53.11583771069091,32.04389031602977,34.486357645145276,2.0
6.831263431403564,58.15400231891648,43.938419935028875,17.978504739239114,39.619871890718414,2.0
7.475545127122359,44.44078501870841,42.90384867051316,26.04319288243736,27.629880299873722,2.0
6.02082576215471,61.57548065972517,52.763469432519585,33.17453261250175,37.4990023942371,2.0
6.3143410233361825,10.0,37.93942317400905,26.671395956174887,32.792678382165256,2.0
5.393665025993972,67.23148550558156,45.856972748933345,29.066131411000516,20.490892703127678,1.0
5.303793375919329,23.904293318328506,38.451673706012556,24.706678875516292,33.18521004798875,1.0
7.312525822394198,44.563385878953014,43.980435240994424,14.85529690819233,20.083033365596897,2.0
7.856240028570823,33.20495158060784,31.25862013582627,33.215932113392384,23.67119725115208,1.0
6.427989878419666,30.579777864186415,3.4177426258535633,47.54933071647241,31.89328307292374,1.0
7.503532897892024,67.41240181067779,37.985812567205436,30.18401630783438,32.97244273380124,1.0
6.861636025047634,42.98448198032163,61.3412220414991,32.25264117247549,18.107675349228707,2.0
5.854880245394876,55.197558225960734,53.893231033623884,36.92722755116859,40.53985771182876,2.0
6.861395605508414,49.29619131681224,54.48096226886756,17.306695034533007,35.72006278300473,2.0
8.03803656646597,57.15561240834682,58.54196082709326,47.025146581296056,22.95271564389116,2.0
6.464173960890048,51.15232836590383,41.32986386442156,32.02328796422802,14.624152035508246,2.0
8.064643655814006,30.755116637171454,42.959735611083936,46.31856899089109,28.550954209185686,1.0
4.0,64.94400229170711,30.735221568484747,22.669670044760107,25.5405628613884,1.0
7.321902504375224,42.593651252580315,35.25890715959425,48.18061922557825,31.13140457053023,2.0
6.587047068238172,26.651271520103734,49.23656724656712,37.75155494034783,26.368833388444337,2.0
6.2009926495341325,43.578272585511314,58.05826655753224,35.530400858523585,9.925431392549903,2.0
6.591760776535502,72.51139685951466,37.90830586478501,32.34024454353148,26.116530616988417,2.0
4.512431085399108,62.753326131702394,33.24716102722883,27.514713819255505,26.94380888931687,1.0
6.280328112162488,44.77021798388211,40.00791938284896,42.00531658473872,36.33661024774059,2.0
6.857112571511746,44.76113443522357,49.01810123393672,31.40359869848047,23.018003253889503,2.0
7.977894044741516,45.17547423173926,18.342177757996872,10.329302964128477,46.786746733725664,1.0
5.981729781726353,81.15121975341262,5.557285702941428,18.828135382929975,10.88359449348243,0.0
5.691506397106813,55.7290317834733,31.741947257626247,28.141542478072527,43.111674978026244,2.0
5.998242956415464,56.45062470786604,21.68931361128762,33.09998983165555,27.75681029121895,1.0
7.415402117702074,65.45425181047763,32.37789703529034,29.43411511100104,38.595848723435566,2.0
6.8287511096596845,53.581837385397705,37.78329521773793,42.18970789793663,30.79801484058733,2.0
5.970239796232962,46.11436781268945,33.2012738646548,10.488981359613753,41.39555536025469,1.0
7.013267433113356,47.05475226372533,61.787013017061184,31.4358793650516,26.126380354471888,2.0
6.5970775493480405,48.92598110878904,44.9011714690348,11.820207746128453,19.013795748221877,1.0
7.468644990532889,49.44166645235238,44.507115394162426,37.59712295484168,44.205042872710635,2.0
5.797946906122648,60.9144431545547,49.333107160651025,29.055412855579974,28.865193541178588,1.0
6.172337853402232,50.77918828710949,22.917503233288464,34.19609972024118,32.21558473624211,2.0
6.107891846867842,60.98960115823369,55.58667681130403,21.361170394102338,42.34751914044795,2.0
5.036485051867881,48.78925129837126,38.863535701968104,42.79464931657751,19.680447579055652,1.0
6.796120277064576,51.17952785474136,50.05720925861819,40.417246640588516,35.95490897639257,2.0
6.761055272179889,20.026989732018386,23.92214150439767,35.835443030118874,24.10105243537109,1.0
6.505113456642461,63.74491512053722,16.693618509759034,28.70482753136559,28.67830644355628,1.0
6.265412866624853,55.19732713846989,52.26834487037543,35.798572852951324,30.722789653842888,2.0
5.084629257949586,64.97015164789478,45.64614289146275,22.931074320126513,14.99778138553064,1.0
6.079354677234641,10.0,26.469226684637345,38.55555659020712,22.211629571795655,1.0
6.15728548347323,81.32562057171091,26.955053780879584,46.49480894323921,43.51072892413139,1.0
5.697722730778381,47.90615557767239,56.88152176622154,40.70610559979186,38.86191188584796,2.0
6.338714288333991,66.62274225106275,22.15882160699008,22.703975301925905,29.37360422672765,1.0
6.904050856814538,34.401411093117034,64.64009429883944,33.61417317273103,32.431234585128934,2.0
8.38618590121053,59.191608575938545,26.49068898028197,17.068584562413523,27.057574943635423,1.0
6.674577812831839,34.198766552395156,49.57587888412574,35.723903111756755,43.56583385827982,2.0
6.7575503907227645,40.64346558956292,35.07072286376523,34.50603412862539,27.99647422205836,2.0
6.425554084233832,78.71047030800179,49.047811466235146,11.30183660467836,32.31842092134848,1.0
4.581228784700959,47.1397639885498,31.83828996828711,18.382161560876362,41.460301441420654,1.0
6.473486124550783,53.26149309769584,37.558106408915584,27.16861103256233,22.226285151540935,2.0
6.560230209941026,63.05101596033131,40.61378763093582,26.99140252859174,45.58789184496894,2.0
8.963242112485286,57.43522831958907,24.96718816327791,17.905230645811947,14.695385902566231,0.0
6.307639035218878,52.256283577153646,51.11236518130189,33.889787293521834,46.296421311127986,2.0
6.801547342333612,55.47441503699338,32.30179650292622,32.51473608940512,26.273244160480253,2.0
6.465288230294757,86.05123377857413,36.571001269899725,28.057308680214806,27.57301252174718,2.0
5.331321962380468,49.13571804449622,25.084759380872317,22.44208499841637,11.099898288170571,1.0
7.6428228145150205,53.016485700724516,1.5649951180703425,40.487071264165635,25.45205282622307,1.0
7.251933032686774,65.75981594011418,37.13458356099746,46.55407113088295,19.60193468973116,1.0
7.291031947043047,66.58288899436975,76.18923132419374,25.16438516153463,23.923536546265275,2.0
5.590612545205261,67.8054545834057,51.769064318470356,23.878330828451794,28.626890342111203,1.0
7.902794310936099,59.580953330437765,39.71109430398408,34.912076654119964,39.57791614472906,2.0
5.0981489372077196,32.854926309042746,36.05663756187599,26.419706202530136,32.076033514006255,1.0
7.08685709380027,74.50147298451644,40.33698839218069,28.606027993367658,33.07676653401114,2.0
8.690455625809978,32.804819104719684,48.20678672762815,37.396531517246714,19.044806111544375,1.0
5.509463674869312,54.5395319785855,22.287807770367326,10.906439124927072,21.1924591039727,1.0
5.933702270397228,38.68586224970963,56.71482542003308,43.183023248526695,47.98725018351312,1.0
6.599651365087642,49.03792480110511,50.73071973161866,30.726805243293413,22.647989652367535,2.0
5.996524345883801,54.93143615455221,50.772785885619015,25.885068554378197,46.56208252057296,2.0
4.949336568933868,54.8203582317541,46.57713608214591,29.10765845778551,27.569388011191336,2.0
6.568562974806027,56.32881131352927,40.294249865409846,29.624293550205188,30.02287936143504,2.0
5.437696286273895,74.20566903587971,50.0929185395023,12.687986965550746,40.703651602299296,1.0
6.973592430635182,56.803014522709695,48.87721200612067,44.94938227453236,42.718924219386565,2.0
5.580575765766197,46.33765047064027,34.68938933588464,30.413256322706186,28.891874397209126,2.0
8.04993440501754,64.46130752432536,31.395973406546485,34.430021304473755,26.117569464784612,1.0
5.716746707663763,67.8420573338696,41.527844428929804,39.51549770574043,29.440795514777868,1.0
6.177938483794325,31.585882772945112,63.23530227242781,19.788375424396996,33.379575282321184,1.0
7.31351721736967,58.96100104774787,21.413393865191487,34.734718990352285,38.91303686869755,2.0
5.269135683566045,60.517591134663476,17.9871210137134,27.323589091012064,30.042298589941517,1.0
6.72745993460413,45.53654744960012,42.47141261854775,38.46770775216494,36.188862980231534,2.0
7.807142754282428,70.6356021996743,40.76331552784027,8.727725796485046,46.383597322709406,1.0
4.8925167654387725,47.7491661945121,42.60012496555612,29.00905699758731,33.81309612264785,2.0
6.684633858532305,51.88364680207313,43.659297968627506,23.971793442160383,33.11652856004778,2.0
6.759882794248424,47.40392263574196,36.65196618047792,34.322629506341556,14.810891749099323,2.0
7.28182287177731,50.23368571372201,62.34795157903123,34.700441873682024,3.6926986317093657,2.0
5.263049289121918,33.55587369657197,15.986440322852268,22.92374105177974,33.88375729230168,1.0
5.179543386915723,28.399236761085586,27.57254462829631,22.878261358239563,29.051757687191277,1.0
7.021941565616897,73.91757594837458,38.45117859776429,28.893346314426704,24.85217325085258,2.0
6.796984673233186,37.29557977522508,15.352167832687492,21.033577726847916,32.435302041863444,1.0
6.750492850345877,35.129114758155396,37.362183933518935,38.41983695452127,29.39596270803092,2.0
6.846448209496976,17.699148295944276,64.92205248592028,26.30792799552554,41.277802506338986,2.0
5.819975278421509,40.41557378465747,40.313297324439425,0.9301178067835849,30.86110868258978,1.0
6.732253697161004,30.153653098887524,43.460513585780255,26.251779433781937,22.530767149298324,2.0
6.793072473298682,74.63022740204553,21.097528522411295,19.614561791560277,39.901662389592886,1.0
5.785648581973632,65.1472563401395,30.754578879407838,13.687241845390545,27.828689250537977,1.0
8.365774511144757,39.67774482233414,34.37205429514094,17.625733617774273,35.265366836723075,1.0
6.9738329209117875,83.78653708016463,35.23427354865649,31.0940847183297,25.225892938071993,2.0
5.308696502797352,64.72648230487391,59.22465692505653,43.28640828248231,23.501731145025637,1.0
7.15655360863383,45.12752924737066,48.36536591087687,33.131844738649804,30.841682301856963,2.0
5.525318329772679,12.508914276896405,23.32813064594452,23.934966117842603,30.128286435436852,1.0
7.287084603742452,84.36413858886112,43.697571676480074,34.55904195170703,34.79827035366833,2.0
7.658595579007404,29.15641299854606,47.47332622745178,25.40909689781008,27.313542466902575,1.0
5.679317681648289,25.319018795646624,57.102235577819,23.053996308368554,11.636402162296026,1.0
7.463376129244322,65.3385564801446,63.708110298525604,18.456373317670156,25.672261164116115,1.0
6.912780926936498,86.59628609508908,24.773587122581972,12.48171193248281,37.93818467143816,1.0
7.32206015999449,70.76409227765777,27.83713733184493,26.100762934405548,27.026239207568935,1.0
8.396792982653947,58.45863680078539,21.136332116280755,31.580534899201318,27.53616597485452,1.0
6.254611883997129,58.92131512497929,36.48970211339528,29.033763299851103,39.863765059059375,2.0
5.746263835642511,62.80123338170462,46.995375616695014,25.840330720526413,22.88026772741077,1.0
5.610485570374477,61.38392884680148,54.81001774883653,20.54253939303219,14.571967817571004,1.0
5.684189715034561,54.21787135954064,38.86073464536216,36.08246191684969,28.393688804745057,2.0
6.422898290585896,51.56301655927814,35.202287151177345,16.82868080053415,25.158260487512628,2.0
6.841151974816644,49.06110308150716,42.27636988373111,37.760279138434754,20.33753680246746,2.0
6.776690799330019,38.690531166999854,27.472856475549655,19.97782981073275,28.246215441013092,1.0
7.327183249036024,45.78987384699839,71.3430808254216,22.47564762646965,34.91505647246784,2.0
6.513001891877907,24.605647787069216,15.88508459322912,15.33214809384323,29.907114384321844,1.0
7.953534077157316,48.52490559807875,42.77110868343587,24.985978531143633,33.06981072686238,2.0
6.235343166762044,35.17113339273624,70.35409328844459,39.75312458477979,48.13407698515423,2.0
9.0,33.44616024176344,40.10199766839997,35.15628088443957,26.57121138442436,1.0
7.125667347765006,52.698412267302174,37.14941447497758,39.78422112028035,32.78348634644669,2.0
5.642842443583717,70.880034295169,34.63831865784359,35.22142545933936,24.907866374008655,1.0
5.429107501938888,63.774749090034696,37.29412477356388,18.963301714696307,21.536402801130272,1.0
6.982472415243185,26.442490945652345,60.592727120147956,26.692107756724425,24.150923465822302,2.0
6.276537214674149,35.15557795144494,6.822071330057398,22.198008708825373,25.212414284783115,1.0
7.214000494092092,64.11156781982324,63.00150551944488,43.3057490403904,33.59475797547125,2.0
6.973237624573545,35.26268909692536,18.640642713247825,18.032113535736883,53.490757867007574,1.0
6.427171087343127,46.63050275004463,36.00021506148378,38.93697689389111,22.8395656372416,2.0
5.653206281931595,58.25078148536828,33.56133369552008,38.929538701087694,25.833746943845377,2.0
4.985152775314136,35.47483317704547,48.828299046560794,48.29620201716087,29.36876986888752,1.0
6.053485047932979,51.580632592189396,16.028134721743786,25.903134073705026,33.957988487097474,2.0
7.356398794323472,29.989617576226934,46.93258999122914,37.123221595801624,32.63550811954785,2.0
6.714093744130204,40.9794853407318,70.36464434930278,52.816518365388426,42.84095793948117,2.0
5.2542612212880115,54.79672901213806,19.552389931107843,23.823583230663033,5.736079294647919,1.0
6.673180925851182,26.105093997024962,42.84559251415593,14.649597524676404,6.130701298043274,1.0
6.8853173797288365,56.607121069405984,30.070267333050865,11.199899660922362,25.04121827989851,2.0
5.616142563798867,49.70543301609978,46.388308092895535,37.12712028861331,40.97300187543709,2.0
6.653725105945528,58.28734931625722,40.28721666123628,11.168497919414161,14.343519683944038,1.0
6.558208718446,53.358712010969924,30.377696364335357,26.276809470620773,0.0,2.0
5.357029702169377,70.46210644960766,47.31808427306611,34.37313187038961,35.711794062192084,1.0
6.857787360348283,51.87836753971861,67.06522164680115,31.85175536829914,32.43657223702714,2.0
7.060784526368234,43.558916883121206,37.13644312409052,34.25444864184172,19.0979159320057,2.0
7.583051243175277,51.83446254548426,50.79636913222273,32.22289855800854,20.1446039927907,2.0
7.553802052034903,58.14947043554582,20.600905631932545,42.788658133133936,20.302562803653256,1.0
5.1223306320429085,50.732901054885566,25.65345434772987,20.47683619261203,31.105353174739403,1.0
5.562174960084877,50.608875368058236,47.08609416820566,23.230048615414688,23.73684723816993,2.0
7.01503526720866,39.47012468289867,62.261740428039474,22.27340554729176,34.940639189755196,2.0
7.013785950912209,40.05648623673578,45.3342002317849,38.301918118626105,1.4537333709560905,2.0
7.015047686306048,28.960920923004597,35.30412954215269,39.003985883950634,21.43148134872201,2.0
9.0,76.24365114780409,39.98937108135031,34.51225319318508,18.739460390889498,1.0
7.070890510693167,31.342051469130723,21.243883990454236,41.834936668899275,27.436593216275078,1.0
7.635565640180599,39.60642203306139,49.0677298953305,18.21959132623619,24.619522415098615,1.0
7.454001763493203,39.22389101646204,53.234995934851135,46.67224111551137,37.978437798957664,2.0
7.151391251305798,63.42386565416662,33.218645007503795,45.23238621712258,11.406632283399425,1.0
6.184730755359654,45.57575482561958,32.94936778360748,37.35621997245747,30.45491476330752,2.0
7.258969220493268,68.716131090106,43.98817344478073,47.8179890877106,35.583364232117056,2.0
5.727174785462428,39.897640636341976,33.44920395939107,13.433767923222263,48.56647436561955,1.0
6.263181393259991,54.18491243335703,39.008010780612665,24.75551863737348,25.182340289065248,2.0
6.014636452170897,37.46979420110364,71.49582683749773,22.646965393180476,33.24458604352517,2.0
6.581874139386323,82.17723691660083,36.29461448881005,37.21479323757343,11.96137207437635,1.0
8.814658566673508,32.18602371455731,34.62489771968167,19.498592603978544,6.080437956869762,0.0
4.6327348074082515,54.64731065340541,30.286872915472614,37.574951493374854,38.447743757817,2.0
7.186260190374513,59.50665321398148,51.16287957249905,43.705361439967135,29.944397063519293,2.0
4.887284128810348,56.20698646177247,37.28163740172845,36.95202900083999,41.78512689798423,2.0
6.028068134210566,47.220685116834375,30.25940442517861,32.83751023661501,16.26597111030251,2.0
7.588950596967366,48.05268950399861,59.81956048409518,20.12126659099251,35.199021395287524,2.0
6.564280019095463,50.657172079686646,61.29404506770456,21.53149033874635,48.688178405438535,2.0
5.422255222070694,47.79496997557267,30.993646513919423,42.49618905296667,34.19705608357266,2.0
5.784696290740031,64.45818675192365,12.001900729590755,37.793490039053324,32.76581505591049,1.0
7.179597748934675,83.15784502387027,55.11270534755383,29.60980480622456,30.0855608082435,2.0
5.7696333682828636,41.637623224882496,29.73055261359994,25.820904542341093,14.291185428740878,1.0
6.716458589581975,29.452955306313832,51.85938398744153,9.74192126888623,43.55572935710348,1.0
6.545571839903814,48.67576927473118,10.448442734322466,19.291475813155614,23.89142360194934,1.0
5.848399652394183,88.69564006481477,53.38896007448964,49.114190871397234,35.04483256383017,1.0
8.643944089325325,37.944881480454036,21.83242106078828,17.195444289975335,14.369656934287464,0.0
7.133919022318011,74.58675208166102,50.96146178599787,31.894798212210805,18.205403354922197,1.0
4.474857413342393,75.1655122111466,40.21409601754651,40.07443973195198,44.350873992222354,1.0
6.686454314769428,41.69617637438008,25.690908709050326,17.450773319977074,26.52697711042157,1.0
5.838213535231612,58.534746187779135,33.894455306098294,31.847104747810832,44.53275476042545,2.0
7.352433334796224,74.42594934692806,50.294776854350516,39.37915537510655,29.21769340941482,2.0
5.7074792615673,44.313083885187694,41.58841679672852,30.124993219072504,11.581022270421425,1.0
6.385263558533101,46.946294598464576,48.766194707087266,58.68403055666768,38.920675997317204,2.0
7.004987278980457,41.274786290770344,69.64660876773229,13.314007411218046,24.101076822443922,2.0
7.365755194170122,34.778649039607,16.53637582433423,40.58728529883879,36.98688813517043,1.0
5.2997035929442236,40.26083682400989,64.25818862452937,28.271982626035356,30.25210867540082,2.0
6.165498764159052,31.64089599856615,41.565339062848196,37.719201548366755,14.568817720571296,1.0
6.0250546888390435,50.51125202388839,26.51823927515308,34.41307151699246,31.64294765370569,2.0
5.846670767426288,38.450401534120374,20.04529561391515,22.668438028900034,51.96223142152799,1.0
8.265454240281096,53.50678867686121,37.163194138344494,32.2899639245934,34.92986458514459,2.0
6.904981710960955,26.66156530694559,53.82475167886689,11.420985486017127,29.42482246994537,1.0
5.239116045664955,54.96320348321686,38.08676319433699,36.032475005713934,40.75343401956898,2.0
7.417861947054776,62.50293442413387,62.66732395371021,32.98158465990526,32.106684652031106,2.0
8.622156197012632,20.093965361428168,18.232364649226618,36.38660168643102,32.09534230262794,1.0
7.532465260551147,55.61084854771358,39.81866578230918,40.581183250871504,19.083748278408976,1.0
4.980630034045987,68.41503488709938,21.214098333803214,33.67619840209711,32.33848025789598,1.0
6.0157659271337485,31.855384719631918,45.45447823937452,31.480894197982764,40.35443416416945,2.0
7.7669111491866225,75.08858580256555,53.30331085145951,21.18931663338708,21.639378478999753,1.0
5.792330534381219,56.28528514049068,33.6885730947842,22.877792363509492,44.24495821246948,2.0
6.943819428146228,39.424822163623865,0.9367921505929857,41.86734620177331,29.08293975854874,1.0
7.274634053429336,49.16346383513441,42.98422220194742,44.36335405705979,21.122304884614593,2.0
5.573069528421917,58.374903687825835,46.55107827600264,27.618895636879458,39.976320769202445,2.0
6.4404746439382,51.14008087118617,46.06442132442547,30.46002747253274,27.13205764261731,2.0
4.0,58.08133988669554,58.53673287733231,20.953856250062337,37.59514887486108,2.0
5.47561235866571,36.1898961038095,23.934194805264266,41.72756845267445,27.08241367741463,1.0
6.24743184860684,52.54041236054117,50.20324158175674,36.65416823691778,29.401738564700963,2.0
5.2522168180351505,28.794282546425297,57.88761268716962,49.412174364637494,34.93560204334292,1.0
8.132411303931635,48.33160907976949,13.321186239902246,21.21676922820261,32.90897057590006,1.0
5.0698586220393675,36.44138537802815,44.79477738878466,26.219921009817828,10.044682195482615,1.0
6.0599555133030165,38.9670508611535,32.43730253488493,32.314459225255725,18.78756259905608,1.0
6.630740577286091,68.54139762815656,38.77715990347531,36.464895377257704,39.29409984790816,2.0
7.941273289066116,66.36965180891403,45.215147253075045,27.843323624523677,28.67863411098453,1.0
5.064137848820561,59.137071813607655,32.691571538296714,21.270389095462995,24.76268697228578,2.0
7.66316375215496,33.61530852991132,29.864378812575822,38.81407528923571,16.414259847425257,0.0
6.510233061019587,45.25387325457797,40.512286262320366,37.211353625455814,19.202636787241516,2.0
5.518491348952049,68.19646549968775,23.69131091705796,20.83725899436275,9.782013600380527,0.0
6.96210347426327,52.12575370459857,23.71262306672222,43.55442801105496,28.98719281298467,2.0
6.69905969557347,84.7899430997254,50.19059924434755,41.70198709196604,24.01562419418953,2.0
5.899783122841205,55.89976759091558,22.768089472620158,31.34296497247793,20.334121090146848,1.0
6.569802084990019,52.880736747350475,49.994687513638176,30.795978623760362,29.31876574832047,2.0
6.11468640313824,45.363253036962476,46.938869392809266,35.540577711159074,33.63970630852738,2.0
6.613517345251248,52.00311357173423,14.11289906814105,21.38296929743742,50.93197932209945,2.0
7.1621306745210465,47.712952454291845,29.836530214965173,30.300314791640822,14.881165804367864,1.0
8.086016816145353,60.621630150328855,57.91164104571059,8.476164553908198,41.59381043300522,1.0
5.2621845011731505,64.35053475191876,25.282517032904778,38.76455645502936,39.73101561015072,1.0
8.633033374656266,38.21015809238076,33.033936065359185,14.385067775581406,22.209072606232994,1.0
4.547912200477498,30.031505696633328,46.93091339877844,45.03419828428999,32.03235954586031,1.0
6.348214904964417,22.456919403450552,51.75085763923893,26.698799060335496,25.423667506623847,2.0
7.088317206484577,57.619869903688155,36.22691670933256,27.88333018068823,31.85688580418739,2.0
6.7809918677350325,33.449500907391894,31.037347079625377,23.72266093915494,45.09131013404551,2.0
5.877300480179406,17.706641105712755,61.33554792547761,27.119611260779237,36.05606232631313,1.0
6.291877749642725,55.82867906796446,66.08349495696368,44.18531345148037,35.08608373233442,2.0
6.006999065341168,87.39499276149186,54.68287076172693,5.121913434649205,25.696906800453576,1.0
5.910635243055788,49.9089363269016,41.27977213847536,42.769653860881874,15.159433350756649,1.0
7.349602097021025,62.577361616774624,27.876014175386103,33.38023481101708,27.915317894595923,1.0
6.857015485965047,51.22744037821347,27.543333901651522,17.929783521427844,42.06608154863915,1.0
5.807090404739346,48.51665520213286,47.837711578986365,19.24687606950762,14.728321434103524,1.0
7.399599875433251,63.786147244816526,46.275973313330255,46.763930272082035,19.44910631823305,1.0
6.807299520876609,45.64588183717023,61.023978894196446,20.544931200572687,31.262677362340682,2.0
7.31286211883896,54.010884711078546,49.75675138804209,18.466494894040405,20.153452151527375,2.0
7.129628841923612,54.8254670929402,17.45379547360273,41.373145423647294,22.074765528847873,2.0
5.671004989077928,39.978643195354266,55.77921426584378,33.385528762859146,25.764014182718228,1.0
5.939818959803031,64.88063524304785,25.029090590283808,20.620744234636014,16.343825958098506,0.0
7.247293605123262,47.37560364956887,34.24043092071473,32.16624975404619,20.258781537836317,2.0
7.110370265433465,38.66382260760733,43.75300309377542,19.742473163597225,37.03427916787309,1.0
6.479098406035852,58.047647653556055,69.93501234675946,41.00821398422605,16.92630217769036,2.0
6.617327383308782,36.52298027313444,86.64877834008041,40.61370964873134,14.021278655051624,1.0
7.7776648957884245,50.42271736053692,49.10084588704274,35.32006198821943,23.699750204661058,2.0
5.90842861116417,49.86321505033695,37.25205071919418,33.61661061247017,37.31955502509846,2.0
7.047097381170038,66.28843348747367,48.01758472720825,47.61188124867374,28.030781920031103,2.0
6.297807347566106,57.12047349319929,53.31483138810754,29.99686327388225,25.354189218843818,2.0
6.282318796772779,49.624595618822845,35.189985616642126,18.181258745791986,30.44358797515607,2.0
7.59877685198719,62.266494488004305,66.92817033868484,34.49473912832307,12.54292567140348,1.0
7.32541634898803,70.8531132352597,43.45106138787103,50.86047049537114,34.94705653775033,2.0
7.313509636000639,58.36715459527793,47.46614633637091,19.85240506814148,33.83435031403644,2.0
7.805478807154329,50.15528929765071,49.98886378081692,26.385372333060143,25.906915259042787,2.0
6.521003841632759,30.322456514747607,46.32379915921683,34.16446038101453,40.05924511796417,2.0
7.1819529712949635,34.02329505386941,52.58410750704418,29.460951509942607,18.725039010469615,1.0
6.189733243406544,45.421629434679986,30.741202201796153,20.176964196226855,41.27908993253569,2.0
6.824166352488442,40.85731696761076,31.625473690809542,41.21857856230471,31.54493665595251,2.0
6.369856945632315,47.19543045521831,23.497686505424575,53.20040722017259,26.634474101218267,2.0
6.596995964992718,50.849748873456605,46.59251845930339,31.961314590239073,29.801263646316883,2.0
7.095157025436913,57.94539131535096,51.68404755268171,20.959317102639996,28.927352341890582,2.0
5.681779316766527,48.94251832911363,46.866592992278285,14.510394749465249,42.20282896417717,1.0
8.59238727568546,57.297524657393026,65.11738650021306,32.57975981221181,19.233208725289863,1.0
5.493982618500298,50.9671162221518,39.9160597175643,41.038773433162575,22.374807608534017,2.0
5.285811387212268,20.368001504691932,50.03112483388769,34.751677464953815,40.3630289207248,1.0
7.658110873500068,35.90996909271868,23.624486857910284,29.975961590811462,24.044650648161408,1.0
7.291662693962936,47.83868666417577,34.193504462883986,24.107283482106936,39.00533077331592,2.0
7.124119817052155,31.854578857383387,50.43306636348666,19.0783636728191,46.99435983008709,1.0
7.12834550926428,58.998930949943066,52.73653166114716,38.34751326324882,25.982049730583665,2.0
6.487753227153085,72.96126248515546,35.59049578503726,39.13771621385585,36.81362326575305,2.0
5.602745628514168,68.28142777545975,38.926011222129,14.542702133092668,18.463077186601417,0.0
6.575804558193727,46.79835693604688,17.23189379978786,45.89838978180684,37.54733298067809,2.0
5.822838288487889,72.36089205274928,34.64456198790086,35.74071220894001,31.994239859867672,1.0
7.475119733417751,52.23001185803167,53.35574745279679,43.99594645145793,34.73038282160215,2.0
6.3529426184978615,44.94371043322941,48.628075241598495,16.578722515148847,23.544279279646048,2.0
5.6745028032074885,40.7989600468859,47.50998582071814,16.341758445845613,13.389165844328275,1.0
6.178614158347006,45.462954702678076,40.746605307714404,28.51030690232703,35.03252064749505,2.0
6.912931454275625,44.17734772188157,40.105947379422645,35.02784426895194,9.365968475205456,2.0
5.936275447196025,52.55624333563232,30.095182907898295,47.96360822926964,26.826495077574652,2.0
5.677779604433568,52.40860971574797,50.482426303038025,37.060789138151314,39.4118186641997,2.0
6.743687211491912,50.04569030230122,46.314594165840845,27.573187231879665,31.91897735873036,2.0
6.744966571108723,56.55407254619525,47.38028271989199,19.73630792334108,49.48342644789813,2.0
5.99305682462887,67.85969412179512,32.10947735998629,42.300005727191504,40.251091525817735,1.0
6.028961694381677,64.24331203161985,7.699856201931333,20.35294574249285,23.461016116744236,1.0
6.732049937357636,27.726530473251447,56.45729067630543,46.284685547723214,30.273133798514387,2.0
5.051915658502676,11.691182976470678,32.81743815987394,27.156153503934906,29.52629297455564,1.0
5.092536225623444,64.01479866858911,27.05836353935319,45.905820726178504,14.178232366538728,0.0
5.781555778747564,29.496819523768682,50.4021836787099,36.78931290059278,20.59601083515647,1.0
6.286552848288153,46.62851897160975,34.11981040121306,28.630045105575416,24.392390930201397,2.0
6.810907565598004,32.448304609109606,55.89904576069932,24.806036281738734,9.637794971440634,1.0
7.975356216949552,22.970293436299706,49.25508924365046,26.5909212265392,30.47493468251643,1.0
7.35765962320202,58.12194092307182,50.253539848007165,34.283166923752376,27.50928155346959,2.0
6.340061470036573,61.387327404539704,19.510664331991986,30.771564962177166,13.271060986884258,1.0
6.4809837920973115,41.35234398909921,58.179159780796006,24.06188591931295,34.04212865277332,2.0
5.497470635362191,11.134365617826354,43.91875796850784,28.34368589682368,37.158727446909595,1.0
6.48148686400761,41.806333276212754,34.460842911306955,30.785770297191497,32.27034478864889,2.0
6.211341361079862,55.877060081038195,42.15082701013377,8.71265905585188,26.759318247910297,2.0
6.82271856033809,27.81632646838807,13.3564715065252,34.58168114788699,35.91442151751855,1.0
5.672769056447677,52.750398796687335,46.12979217221006,20.20278775283193,36.80220360476691,2.0
7.019346514241172,49.77035226240507,24.559427377268925,18.46667596794255,33.074035697196884,1.0
8.032738913002579,58.689372494016325,19.709945712346983,13.126556528892898,21.75387749565239,1.0
6.391239851543142,51.7937055262123,17.164612206731633,12.061075021321098,32.76600765511181,1.0
6.901711722098941,35.40396588677667,56.69032562484888,16.44552496887711,41.95480650825479,1.0
7.190143991711112,67.94857252496737,30.56104909460817,22.909790423695096,24.033709413882697,2.0
6.0987795281141635,47.62205640459545,63.00591564874749,49.53259137526568,50.97939339132431,2.0
6.724092481810417,49.590431907351025,31.962978054215533,24.741203241047963,24.743690660146157,2.0
6.512592400781795,36.00098061390206,14.3896306361058,31.777501062680315,30.324070133401364,1.0
6.597676098548832,43.35076623212734,23.252133400770113,34.004813865063284,23.275144039936638,2.0
5.726990216144533,36.727959289596484,58.537174300104084,31.310651862158487,32.23270835920261,1.0
6.524510174258943,47.405809101148655,37.66152733094999,29.225565392740062,12.577783073647247,2.0
6.99799829124545,75.67562720213516,31.775690552640988,18.04706236400755,24.53958201183279,1.0
7.951143607795042,29.421482856029655,42.40027338779181,44.50927548279212,19.07878799651433,1.0
7.4592708260852065,25.796579031848882,47.52674104251317,48.07196643637885,31.353383478922908,2.0
8.653182457511557,72.06755491240412,56.76098223853691,13.173413058773143,39.94447375508908,1.0
5.73265243711195,46.86014484272201,61.72748844839389,19.759714091136203,36.46006187114551,1.0
7.372320636720678,39.963908920101254,34.60347031316371,27.201896576229938,6.283406391411077,1.0
6.683342005738352,65.59857031094114,20.109284708769426,20.354622050898087,50.4206965292788,1.0
8.689802933217672,40.91576690394704,33.79802258315086,35.05965553455865,32.95279940620868,2.0
5.691701714644848,77.39014570320404,43.90420759874329,22.717277975933868,22.23500859507,1.0
5.660278157819224,60.16888807008904,25.543616106840837,51.65056067806603,31.571279189909408,1.0
5.900607354555978,42.68132887781446,25.642736276574357,41.90548594343596,31.761898225026926,1.0
4.376104275690193,82.35962319898255,45.15681822324828,32.12574030632215,23.331512830484364,1.0
5.974244978319239,40.914276154949924,39.270214726443236,40.26986263319732,31.979166673420757,2.0
5.740867338446302,61.13143058013961,40.4919549311738,41.059004243573085,23.925277123796928,1.0
6.650393786476208,54.48938870609738,28.62256997949896,24.360525119417566,25.956380073099773,2.0
6.8417559757771595,69.52611934098198,36.54398928691349,21.83782755458035,23.137208642449156,2.0
8.376170839215886,73.42266795090279,26.136502835975435,30.781430629696473,15.673287102603473,0.0
7.45042383818605,50.4800622359865,53.3529761668718,38.616361244979444,31.45836470215384,2.0
5.923096344337597,38.69873194480725,55.52874002085629,31.390603986534177,35.85299436516338,1.0
5.601585328651642,56.89958214408675,12.307182066428592,14.230035178090027,35.14883596076372,1.0
6.991919171506506,39.834269453718406,26.05733709711385,21.971755560491577,38.19925252635234,1.0
5.179766792979358,80.20080871289935,17.552061173648813,29.26027136405622,33.243402100148685,1.0
8.331458765854354,52.04802996624106,30.249640983896526,29.243343956741697,24.672745017830966,2.0
7.679440120721287,44.52017673031837,38.748430453144586,49.725421767898084,38.39663864431189,2.0
6.030824347895296,52.77020458797362,18.25532170452205,16.14012057601002,16.42482460158065,1.0
4.786865470909122,29.793105657054554,26.172102803120303,35.055892418358745,20.993286174875198,1.0
7.853872374165412,35.42578942234023,24.940639418777522,44.8911310832829,20.357999285767555,1.0
6.385460154747382,68.00620861916639,43.10900994098416,52.71449745422796,40.8005605913931,2.0
7.737816311973462,40.14658581542906,41.04016505554375,25.956025768160387,39.42788514140076,2.0
4.905572341205633,34.296335259770906,29.1739366999412,34.914294527201996,34.87305237044995,1.0
5.900624977046228,58.049791287909294,42.65231308209097,35.69760357198647,40.71929865211797,2.0
6.505243699718183,67.78556231994496,31.799798731191018,31.954817315532907,21.207172175880117,2.0
6.546980593764742,60.784299659976,35.9251733451092,29.01154798760694,33.485951198609804,2.0
6.049934528520756,64.94071528708724,65.10178135447805,34.35975389500046,28.74825571616836,2.0
7.122849932347499,38.64807367145809,60.10691577685522,4.677539147803145,38.46882103884914,1.0
5.432379570617406,28.672839998872345,20.506281446086035,36.820694900626314,28.847757674478025,1.0
6.357620514978707,72.5200047793323,52.44598626818762,31.26177903661967,26.15057111589919,2.0
6.620295631711899,45.15980241736796,52.170948317373885,27.775251032217348,35.4090851856099,2.0
7.014438834058749,46.23750475317429,22.776050668710724,50.46862195719558,38.76169167191233,2.0
7.21161487808889,69.92291212773587,52.28166465632291,23.250659812094476,23.31654805153198,2.0
5.3753579081621305,58.343450141009896,63.06897877618829,25.96924010934969,29.38924328647624,2.0
4.965885829264378,56.83831658122411,23.16182790633379,49.91553302204734,19.415593663583472,1.0
7.777676821898509,82.47503517351626,26.237457684786044,21.679386951501435,5.019389825070604,0.0
6.832314011979592,40.347226544297854,55.26492200265254,24.498847170634612,32.00459631413729,2.0
5.751513463443446,63.917601921218555,44.07242966238472,28.5297457656915,36.08905356254632,1.0
8.051151975522522,50.855196873456265,48.27214412859285,38.407344821295496,32.620668090867255,2.0
6.6156746342928585,54.02888418294886,45.10883824600745,32.078025073533134,10.504382822456328,2.0
7.679297184063826,72.92702639618798,45.86043881392216,17.073746528477372,26.491505699235255,1.0
6.567518481410109,57.61753634434436,20.102918075333754,24.678314368728103,7.8165223994891875,1.0
8.560747924881987,58.07444118574449,55.70976559932173,23.926455667877885,43.69701107654185,2.0
8.255340842443204,66.08761005964703,57.5438498864166,29.227789547769543,19.13945417881914,1.0
6.251035851520927,44.52570905685672,36.559138838979585,34.25843658629829,42.55403609459896,2.0
7.471570950954355,37.4118549899149,39.34784575279206,34.18205755887972,39.45869643684146,2.0
7.145375949585148,34.327862089684494,17.03338746166417,12.239882459515979,20.994096474639385,1.0
7.868631557532349,20.504651159359973,47.71382134026752,40.639409875608564,18.67215048732255,1.0
5.5350765394198955,80.84310694910484,48.58086162571216,32.52568845996623,33.50370216386338,1.0
7.186051459998439,33.451874514174754,39.067134745010335,43.84532047593906,21.55675962816929,2.0
7.558424486849588,46.68119564621342,56.86530039805754,34.44198327290672,31.024846421582076,2.0
4.7412605135768855,45.84780050166619,34.98884153530089,41.01322957735762,25.171724091930816,2.0
5.316741487334225,54.61110046713651,48.469088888404,34.66545311450127,12.188415855343667,1.0
4.4607678222399,62.23605818808945,24.705034919618264,43.46225756202748,7.695319808755411,0.0
6.230593165555442,62.90710232539618,39.64671773688643,35.22250636017779,32.26684248494597,2.0
7.217542255795962,41.25383842146592,37.384686131457464,29.020847535570958,24.384422536693748,2.0
8.002357052096029,47.49317429320383,43.37961883061412,52.72434720446881,24.469101830858676,2.0
6.574094780419776,54.2386992573245,34.45709606749962,38.89037122279892,36.95863839093785,2.0
8.128615545571291,46.2696331072468,38.027911064924986,35.73744421004413,41.73442276632445,2.0
5.119898541785108,74.1101836402999,52.3907075716226,17.23695583461664,27.274552786381907,1.0
4.796617560644846,57.36462427457377,33.44853644142674,17.116923825364623,26.594012930901386,1.0
6.444452301103381,61.02316679074726,15.90134348891981,32.92715482141853,35.001430331138835,1.0
6.884065448939308,59.94321903001119,66.24375856308131,31.455211977682406,16.430644303004247,2.0
6.467305251905907,67.60210786227987,60.7218111803573,23.85877434991684,32.23153054747697,2.0
4.432557899960123,52.7153233805556,20.616059573415722,31.4098269961206,35.51885971822154,1.0
6.410879960487212,30.547520780662303,50.34561707867792,45.886269280435954,36.80230208417629,2.0
5.195530499495147,55.99531927628962,32.455378441729856,36.954024745502984,10.63247297497535,1.0
7.169672548830039,40.22964659312257,43.952308229965894,18.589914902472618,22.386447301910593,2.0
6.866598246096848,42.07074977375365,44.4133619352024,28.884911728570565,21.217367471765336,2.0
5.560120213672644,58.7954602813264,36.48388299525517,21.95033519147439,30.99886954409213,2.0
5.986133082663306,68.57424607150453,28.243515016204054,26.12300083591439,34.80744579767984,1.0
5.440786478111049,50.319073651040924,29.64188421525611,25.86384334370357,44.96710407445981,1.0
6.437320902726828,54.63249518898446,26.257121267781365,25.223544173959947,25.05034519631927,2.0
7.455142320501238,75.53322416952857,27.52266687654333,17.44864628026605,25.02427501690786,1.0
5.514273953664456,53.61129769232853,38.99232564925967,28.723453184818098,41.49672018878747,2.0
7.004046515517844,89.02524671270592,29.263600163338722,24.3939236315269,32.96576938530305,1.0
5.969742381627559,58.482644684473165,50.2307809856893,0.7055130999773205,42.67651511187974,1.0
5.707127167737656,23.588558612662734,62.30869233003891,50.529720245016634,32.88728003009836,1.0
6.392969640045442,61.30012431656799,31.299201379449357,40.88769654216672,18.42883381286729,1.0
5.464757677580626,55.71737577324167,43.591067508030655,26.23699275075004,16.668716452221936,1.0
5.946350694652818,69.34629131124119,47.49527665454401,30.188190497405984,14.48487750941071,1.0
5.302122107411152,60.097720269049375,47.080034063789114,18.28345652682438,36.620518347584735,1.0
8.464725132916389,47.92316024024339,41.139329018741314,46.95722877810866,41.88596823087008,2.0
6.535263551971728,31.635526455659512,51.140236275395836,48.97288694773111,48.493621413863806,2.0
5.800274492007414,46.86465114070962,47.23373429020986,31.566937282465247,38.431053323232405,2.0
6.713979910734222,37.2421931868605,21.43506366509053,40.235306441853446,41.628385775349855,1.0
6.38767195030917,41.29214825292916,53.0373409658391,31.752867789339238,24.199836673463153,2.0
6.279030400466777,58.82867606630914,53.30936255900113,16.632745611240694,18.435841832561433,1.0
7.114166700043425,75.0485675652711,28.550708437321276,25.881766310363428,38.50079332417553,1.0
7.257507710047305,55.920072947344714,40.56906753171403,31.31927966771957,34.17680752239401,2.0
5.9694988523894725,32.06175406947224,50.24993489216604,25.454522812565557,31.074443743408924,1.0
5.92418175935532,56.66904002330211,36.86029270630958,27.81346722564964,33.8737148063299,2.0
6.224948302848356,67.94947229968477,56.09467071649018,29.086004424908854,33.23185482458206,2.0
4.198078835264415,40.85325643520927,75.45808741929042,29.191215021345386,42.83816859853562,2.0
4.984808937801448,47.989742499906235,28.210209510475266,30.52258490497483,42.94985584816956,1.0
7.8668742674445244,50.22032292093795,19.284330952693377,19.39394933603399,35.44220352340347,1.0
8.144967713501284,38.2265253037664,44.55727893407314,22.829838508720638,38.45802872562928,1.0
6.250963960443622,59.72420650765788,50.823437576892154,17.154157343000307,35.14062552424776,2.0
7.076556963055767,48.18577777088328,36.53700439232846,39.778155496862006,25.388302679653812,2.0
6.811250154543536,56.292986658605415,61.79890994981551,8.943530581596754,37.5656467491314,2.0
9.0,36.6876173329685,19.920913004151267,41.53590343316925,16.055049311407384,0.0
7.619574911434577,43.438125495148846,50.393779345474165,43.86349397262843,40.53891552295883,2.0
6.372082408519233,60.83572036741657,30.9120876886166,26.978194130173787,18.05477060233965,1.0
5.5444595593995745,44.4075027186235,65.79066859310944,3.9686291217270124,32.85803286794733,1.0
4.8935536797424275,75.90445776850108,69.88773029752177,26.386894380327096,21.54846041573841,1.0
6.703463635867223,44.005457215780964,28.500151183249784,29.358158387111807,35.533889830744265,2.0
5.743649254715697,53.37027088627829,31.7566429613713,19.894017800710866,29.66074774072091,1.0
5.077746290402326,63.98886247809635,52.89381830469703,24.847816061917573,14.052440418366675,1.0
5.853427115757474,28.724514006004526,34.19304025315728,45.30195198863351,34.20699631018479,1.0
5.418451996385605,23.587867820288363,39.318831731016424,36.64927162301741,24.220792231672895,1.0
8.187141635072564,27.11515528144858,40.38082630813615,20.754358856219,38.81146720813369,1.0
7.3816397569494505,68.93876155140774,11.204902657035156,14.02400830404568,30.013256887344074,1.0
6.492027358683383,41.7221278116133,39.79243380858644,26.72982682390229,33.95420985388038,2.0
7.979944138890026,88.37298928502378,29.654083389037392,27.86543220649562,20.42431044984788,1.0
6.577368307647618,41.53628602013917,32.60315766400342,34.96199187363317,24.106677685726382,2.0
5.638715798671736,52.768269547955555,61.65448005203221,24.646832874323408,25.413613638989155,2.0
8.023124077269657,73.13164928851813,21.152396585811154,35.114995753618615,38.56702480242556,1.0
7.038910043684659,80.09139332238684,52.19807780121966,49.35154040060229,46.77377087805489,2.0
5.462753845673544,80.92255364954596,35.81555604502287,38.15501022444263,21.948282482571237,1.0
6.3096613219163915,68.12549345889714,35.80359747256249,29.519114926692275,40.7684814465768,2.0
5.624381746615243,65.36093788717193,51.85557844077567,28.168495289467053,8.30322582274298,1.0
5.1172002690356635,58.88790423801775,45.10076941853336,26.43326865820129,18.058105989077106,1.0
7.426177547531641,61.675416142499564,48.55919495829296,41.806409124521444,20.41221543813225,2.0
8.40941664047013,41.732214255071995,54.52276990799292,23.72686554048697,16.474913105592776,1.0
5.101432426180859,37.72701674866539,35.030374252250155,30.452227089999827,14.1641161021242,1.0
7.062969236690571,49.94938313883572,30.816448982383747,30.51197901881085,34.129989121377974,2.0
5.8493574308781735,47.447230662126074,23.722742101633028,24.98215807188468,27.859323022721387,1.0
6.012874616235304,43.201579260090874,27.61884205031567,16.275344521158992,33.794053976051096,1.0
5.907606075761131,60.44581171185073,84.23641637963088,33.22974503617668,36.90472686121513,1.0
5.636009230320184,64.32957812855766,58.6701937110518,29.389960281446164,32.65616993172534,1.0
6.548521627944827,51.32610329437771,19.73388450687968,35.0024046943657,36.57763176150374,2.0
5.669049883588962,72.16295121582893,20.163130648846447,24.66399693560833,29.304677137577308,1.0
6.7704568257798385,32.87466328799742,47.22799092577737,42.20821298813048,18.130066116942555,1.0
6.449761890550863,47.095108110804226,48.2089719606695,21.232262187881553,40.57814180820796,2.0
6.26105195313359,39.247665190957925,48.233257529760465,47.120402840178926,24.10887867218873,2.0
5.592436337958402,22.0019507439041,36.175663096694535,12.523634901717383,20.64403701237574,1.0
5.923228669431667,48.75978971235951,38.118186099956496,34.347700645568914,28.220821241956017,2.0
7.255391225825756,48.17378737425075,44.91819286239036,34.754306825266234,20.87189080703487,2.0
7.000917187624381,72.70174614863197,41.28839509439996,22.044429320591178,25.825696180105677,2.0
5.522444755201449,59.462175268321666,6.710494408786971,34.24393937861012,33.440539215634665,1.0
6.599332305429225,34.63719763506192,36.553005541372094,42.795186697601586,33.48341739246127,2.0
7.251387123371789,77.81138849501282,27.228903486095298,7.831811606459354,21.021699335743705,1.0
4.830594718878628,68.31550543288029,42.62817128362768,35.02744807490814,25.122946270512553,1.0
7.043360192379935,58.731465552029235,84.77888503905115,5.067291796699223,40.743330047702436,2.0
5.837376241054153,46.60273851725252,45.51222498211457,20.34335196476792,34.96400117733941,2.0
7.070598668593159,35.6084114491478,35.297054707414034,46.29166364900945,50.750650393485415,2.0
5.736740843457483,44.416898358934205,53.827022529658784,24.18217966607946,41.80128173741528,2.0
4.6951178993354805,66.33122929556279,47.24031830813819,18.261200355910276,41.44293068559939,1.0
4.872457562116837,78.26879458901914,46.30141735677762,28.02062271015318,16.12131449544198,1.0
6.548084946661382,73.14865292408284,49.10275889823507,50.67906338163552,37.63860351633423,2.0
6.759722501721482,42.667258673205886,70.84815347244312,11.68317752793974,29.468931983030892,2.0
5.595683374895591,33.205738500664836,23.036673470111264,19.486900883606555,24.490181964617506,0.0
7.138592458777374,52.113293703668056,47.104481152171815,44.974316831796266,31.680153405325285,2.0
4.83847993773104,23.473409516557226,26.104283050276923,48.57702343537733,39.45211534611484,1.0
6.4339202013526835,54.847515712771724,48.33268969513372,28.96568775709716,35.008315910042114,2.0
5.288983800237544,47.78596120551997,26.219702327708582,17.609472974733578,21.2152619865794,1.0
5.8481638921978405,43.00945247197637,33.73949779592373,50.95843501809159,37.424589135926205,2.0
6.547398671316414,26.07945399099807,35.57365128643141,45.94442391749197,23.62412457924036,2.0
5.639586634716047,57.704001598545744,54.63725079017064,36.78946987762233,32.16683118964286,2.0
6.115444455770175,42.009487405071326,53.77681665913621,21.875976510625797,26.966499325228657,2.0
7.5062928092144405,32.451247464345684,21.314239353304234,29.509706591619633,27.811337482643744,1.0
5.923108130476852,10.0,40.824011664997734,28.396399189551694,37.662429750405096,1.0
7.335692112065142,49.58727642424046,29.356302178762412,33.30851304615578,19.59806280184102,1.0
5.370293145342382,76.58377395004617,21.122426339869982,44.51001438131336,49.45195074276933,1.0
7.029804177915283,74.91888821821806,36.74474424363444,38.79417041137403,11.789139307055038,1.0
7.9415686206579,43.14355615120592,35.3727581731627,19.226239230152416,24.02332316745143,1.0
4.028355499872711,40.966819094573296,76.40074729518284,43.764964500195376,33.70211889941741,2.0
5.703104744529523,57.031613841125356,46.49439738041044,33.131321400131554,35.8431416643531,2.0
7.07707212718054,35.02421841217563,19.33573748868644,36.87065795858916,28.995242794282948,1.0
6.296954613957007,54.52687849729199,31.52838993743587,44.66540859278603,29.426092969984577,2.0
6.871145873371309,61.491204175770356,55.32074943144097,18.88419750486449,34.10550085327617,1.0
5.89601481328418,68.40399835826462,71.32664159304888,29.64174421293537,27.689305225423197,1.0
6.5865897874729,48.49768885280071,16.210250316430624,24.68545448640785,43.93181257934906,2.0
6.34432276460792,46.94489374734551,11.801134222914325,14.321405746345441,38.39349114231602,1.0
7.667782061659807,36.830261198651584,68.06447763057673,33.467099776049196,38.728243510056345,1.0
6.754420843301213,37.5967946894021,45.84421266056356,55.11556551584424,20.33843276629583,2.0
6.837602662075202,46.602816621477096,26.975609021854503,11.599222554942472,29.20611575594297,1.0
6.088123033877532,55.510482602242675,48.01943629183653,29.677193889505297,26.995340512792964,2.0
6.012393775927507,63.703769393498746,0.4637839147468341,36.40542935074774,19.943986243105343,1.0
6.0674418121803795,37.95231573979483,40.050632598957414,31.23078201656181,33.60164183945767,2.0
6.894452142378297,72.39032853439282,44.91731759264628,28.868719474842596,24.623542422201837,2.0
6.0790155191797375,45.93314598436147,53.86405209306744,17.007836365541756,36.55403829850237,2.0
6.789774856896413,49.67949058477346,24.791560715611936,32.327867429401635,19.29808437105668,1.0
8.57540079864544,38.79182481278265,41.28530742105038,22.432360229840736,47.19040612841821,1.0
7.3711247034316925,13.636396095905873,26.11863060910619,8.100782950214466,21.03667341407938,1.0
6.1739764678321585,63.26068094541574,43.830756335114756,41.94592220513731,32.19302337200436,2.0
7.701213922163944,61.0526584563865,26.569805164554637,39.58385819842042,37.918593103880674,1.0
6.091924626978448,45.780086643226795,33.87848741259669,30.516609768510797,24.29359569799887,2.0
4.461875464822146,51.00486075837308,25.062769078146566,32.29074688205703,38.52468643432951,1.0
5.491913689082596,57.73908826556149,49.76704362735485,40.74318012715561,17.708164021995838,1.0
4.629208078974145,26.56181214670186,52.87676674984998,32.24339656778083,44.521176991825605,1.0
6.148486515958691,42.06420983980558,36.480691450638794,39.040175547613146,30.141492649657582,2.0
6.518418379189551,61.913970194327405,40.573569924400424,27.0251779912615,24.035885920311202,2.0
8.176437312275283,31.18565865246126,18.271128780496838,43.119837385739466,27.008182275725655,1.0
6.826927373764162,54.40336898249944,35.50485027989819,33.207857259326836,38.089192693927195,2.0
6.280899471191136,29.651272930648926,39.24693074437383,31.94051943605874,24.155447081495616,2.0
7.329405581183489,56.996449736502896,79.31189636544963,17.29938911287968,22.506423105772225,2.0
4.288864690992115,49.465377765537745,23.320494613387545,32.869558543017085,27.784634024162617,1.0
6.735614558108566,25.77302276141736,61.96265858128656,21.680450825055487,18.23037887230032,1.0
7.270865193886967,67.47109031685757,54.952881601987116,23.61717273471506,48.205439079418156,2.0
5.021413754220158,38.981126348029264,44.20954606735204,21.84624371683879,24.336054087852766,1.0
7.643754043206929,37.84621344478428,66.379307262927,19.33765068100775,38.31616786180403,1.0
6.838496407494414,53.008537958464146,45.581582089102945,51.24771403016962,32.09470083647773,2.0
6.084712086099199,67.22956024143073,45.83738793501893,43.31339061988403,20.15465949518032,2.0
7.132781866106285,34.762672715324044,39.20319020473682,49.20367502144261,29.940452907872707,2.0
8.770692857804395,50.92519774771957,58.35353323627941,17.77104980444436,37.84002779310748,1.0
6.6818662550584955,56.432247504958596,56.447038507163256,30.712537499108926,28.117386649136936,2.0
6.748220586300336,60.39658410894716,30.614840687556814,17.064923747959043,41.93112945851028,1.0
6.040639100459756,52.64662332915838,20.211292081018488,23.04305122802936,40.21515392781864,2.0
5.650155630535208,44.494582413750166,36.955290439065145,20.818730165834253,39.1891485465833,2.0
7.330335816544245,37.5861466902692,27.999421534035303,42.395840064415616,25.40343227727003,1.0
5.6439161740911326,51.292158245695624,39.04713138076967,26.0377032189824,19.20157552218513,1.0
6.571566237219392,33.9179148202159,58.56157202026209,40.68379333694016,23.864123946372054,2.0
6.022342553234884,10.0,33.14047517369815,36.04120889588518,31.962409406667206,2.0
6.978979825746392,56.54839706236502,39.35764928032638,53.036387521047885,35.45786713532355,2.0
6.833662105286948,63.55902261629293,40.87034102212593,15.205557768602759,8.284285952395525,1.0
7.537539944257899,14.556013466872422,52.72646323307927,42.59233239786799,29.918867983882496,1.0
5.989983601145253,34.854039429350934,6.296659990230921,41.464408704007276,31.580892253231845,1.0
6.230125064706629,59.287313915077966,30.89949557852055,20.266211619729653,27.224557436844485,2.0
5.521236284217693,80.86243204567548,43.16925538419209,40.0713333647316,42.91273839015879,1.0
6.055706739923888,50.31190561513112,58.00118434640292,33.361449630262285,34.21780074250871,2.0
6.877300493044852,39.07995588156298,32.621463287406925,27.72523740046592,43.10191908080897,2.0
7.256988616645351,47.256553383427395,11.851709409371889,21.760645130280004,27.840394796497677,2.0
5.577834675822374,70.62314628722277,49.295671689492046,22.80890548550814,39.37477492506925,1.0
7.36960592010566,40.310537313131974,30.46956416761556,50.49812095785926,46.350663945275194,2.0
7.8556378588049505,38.0121199002462,22.15500011364458,30.006828189574826,43.116934492726614,1.0
6.913434903223701,42.758847167269515,30.63481915430164,37.82130001531459,19.07858406571267,2.0
8.376795812558067,35.70007087611931,37.232119635162256,22.091006183324467,27.463239224576192,1.0
5.7262108008964265,51.84005473992193,30.928830031926807,22.201470537783614,26.548352945502035,2.0
5.255345296688583,74.3701768770434,6.916509143513963,40.81984809249942,34.89254535076328,1.0
4.721279751095722,54.84618909674044,53.45599295330698,16.504237884484677,36.86353555014533,1.0
7.996044311489183,46.21469746810568,59.12312561918083,25.847862320947286,21.61107325974264,2.0
7.154365656354058,45.62283096626684,49.772829870092586,30.34027411072232,30.678385139169375,2.0
6.444415329089545,26.552137869550144,22.93471494362775,31.113726018400524,9.800726678438636,1.0
6.77996862631982,63.246646657207386,36.97762699078723,28.209067149838436,44.419450058018896,2.0
5.374510952701623,48.83244204480797,39.90218027155813,33.958197810959234,24.876257593233063,2.0
8.945751979616826,47.29280129614062,48.98191584342865,36.92855755817811,30.55863939844497,2.0
6.629221181975227,90.0,50.02510733077121,37.3463754545933,26.90350286011939,2.0
6.609394794604893,54.48129362548529,28.987393018322564,20.141961913321733,41.46027575013415,2.0
7.225766623898692,38.72313424857224,41.22993334620341,27.158449020712027,1.6249355860262114,1.0
6.981009231736714,43.60463605691685,46.85920606922862,41.94762861876938,29.83389657674091,2.0
6.723884024279132,67.22668563795132,61.8373348322015,38.94647187573872,28.94181242502302,2.0
5.709525544554688,51.69905615806647,50.56759809737085,16.271405485189362,25.463636124083173,1.0
6.971468357135996,28.4258303252395,51.835850310632786,33.514799003522015,47.262265456356324,2.0
8.382024496475033,63.78843401862805,41.257399418940416,10.217747506251897,21.126705411442288,1.0
7.8454200461549775,39.97783871691509,61.15688717805256,30.469349020603698,37.71796177235661,1.0
8.093186626639397,78.09946664326318,46.14644193939246,48.97767016745977,33.56252788706084,1.0
5.988784323568815,66.20072098571973,27.083681347396443,20.521072827310135,42.615192525355155,1.0
5.510395179741419,43.29017156511873,61.050549551877864,21.65676954508418,23.328109152224947,2.0
6.374213079900352,69.2152454260267,50.46854908808541,37.640297815728594,22.67031100876241,2.0
6.555724912288695,51.01783265791105,33.354339683072766,14.57198484790354,40.960699074773984,2.0
7.594191518470948,62.79160512683329,32.80760548901135,23.67244970114961,34.253213083301105,1.0
4.807535370285181,57.27099225941712,44.448633177111425,35.96441137581753,14.550626533232414,1.0
8.029550319460613,37.3046501751369,46.94777192901377,23.65714152310597,24.606949855367297,1.0
6.3419921014210106,40.346752515238066,42.9593839844681,27.640300127890285,33.86382653848061,2.0
6.07311893005258,65.44941226371742,44.66963010164327,37.44185710315035,38.37764221546589,2.0
5.487895624739832,44.97837001840189,65.49936061864571,34.21546083536561,23.20769346807045,2.0
4.845143328134231,43.94527305137005,56.073147283523284,32.66818396295402,0.8574401018305906,1.0
7.323170583961915,35.673161309759706,42.85953386897536,26.608777207299614,35.23223185737033,2.0
6.573317967188403,56.353985983901914,54.11965871151225,33.700611152689554,17.796793100560244,2.0
5.210039100258946,80.93787378864718,24.512141447086908,28.762673199002435,9.826612018775887,0.0
5.204921227936384,33.9870062861859,45.968905749202136,34.57805609925785,1.6767407501585936,1.0
6.164215300709872,50.36329185009137,67.13959524599665,25.03067974882022,38.139808601977414,2.0
8.169021525289393,71.18330833123144,36.729311569114394,28.17431025620459,31.286174504049665,1.0
6.240408648636395,48.805379131314275,27.28549107071373,20.10042207447986,27.743436192877482,2.0
4.996857046881894,56.78557694374601,30.21866667110409,29.64992389993764,43.89024362962762,2.0
6.254256935914055,34.0640970777968,23.655504439864174,21.88999136371155,36.37324683023073,1.0
6.22727643025233,56.42460645811473,28.22857137808445,18.85953549838007,46.16300042721917,1.0
4.0,47.192836024931765,34.442378521149564,32.586611478553884,16.072645278330036,1.0
6.445705133482188,64.78594993519795,18.916494712320368,32.127397758576606,29.654493760460365,1.0
6.269065469791322,67.81079077347127,40.234275009244044,37.82873734948573,13.832866250519857,1.0
7.196206364813419,88.84345463027921,53.53415760679971,25.68874430424901,27.706176681445328,2.0
8.348956094945345,58.69449759820363,26.383657297796194,34.08052846836756,27.513841462333225,1.0
7.626565029547757,54.886944748732496,62.78925885462653,35.50797572273663,36.26613637263071,2.0
6.231111309445169,52.91576452366004,47.66188132791392,34.44773807831595,30.455638811418982,2.0
5.39347409125833,44.702505607839676,55.45870878436086,21.74346317197858,36.23407138279916,2.0
9.0,55.077257651925365,30.132481692217944,31.49363482271189,37.03440133138894,2.0
6.559218434014488,45.56897884791456,52.81787840599924,33.641402960546614,51.54928677383142,2.0
6.513929291912946,52.52691464404421,23.620991494070303,30.07178466907942,26.847033447138756,2.0
6.475874912889997,69.7639630341194,53.35371251254763,9.135223416289154,20.58977299333621,1.0
6.698084760767855,34.90186152080538,42.577590096902966,31.6048962397348,32.46083615316409,2.0
6.355639588076057,67.09817841693568,48.29876829977175,52.12531039397242,21.977199728604567,2.0
5.9263379931197635,69.75672601009798,22.366080915627226,26.399607312430174,44.81960768436536,1.0
5.953141058759607,48.22897209513382,26.57395236585093,22.71922902144679,27.167819610547674,1.0
6.4672467297840015,18.172176514871083,48.958423273800776,33.73348559711398,24.344236321260098,2.0
5.956575228866235,40.882670193583515,25.77477993663699,33.123782104665715,25.28684278848882,1.0
5.787154217322835,69.45491819841664,46.94809438148685,41.92735165416414,37.18417423471641,1.0
6.606430227691897,49.656979065516765,19.492932903096314,17.421318440911122,28.422530167685146,1.0
6.245022782579145,35.01046651557634,52.72261319000002,37.31380252574992,23.58333179869618,2.0
8.003992988582688,42.42837618157674,21.512150278472365,35.904220612514635,46.65351917623531,1.0
4.0,62.6093003975683,48.28449906519285,28.57853463059454,21.438301593382498,1.0
7.591506851922462,58.20100352302069,49.38446400469002,33.3868731792169,30.355660740329935,2.0
7.746085192497629,46.416018512454585,29.548422723556378,40.29457481598357,36.5230615161023,1.0
4.4266097675918505,44.49763382277969,48.7303985062709,38.72315380028451,13.686648895829268,1.0
6.157312405919651,44.12362776434267,43.90663395000334,18.569806879262714,34.80260501405925,2.0
6.128559134004209,36.163847232522464,31.917372157108925,38.20158186755484,19.448923245195505,1.0
5.0924883052821786,74.23063534204162,24.871679738856876,29.353113949674814,38.227827808340024,1.0
5.722183312409125,45.1651929618299,10.560614624911313,30.728740980155155,20.373489880810236,1.0
5.389424154534171,68.25737781238244,45.244750709495406,30.731969910016947,36.92769031848861,1.0
8.252270443423622,72.81974077883677,16.52795842956917,28.4975701120174,41.05833066294713,1.0
7.4356783931474615,64.9746634722194,41.430162991619625,41.91707497107065,38.61436525632805,2.0
7.7715550949941585,43.52569530922928,36.048276758766264,29.16282040150788,32.513166482381024,2.0
7.2216720640432355,56.05595135504914,50.18714163157293,18.804538716168313,27.686990570703006,2.0
5.370948228782771,49.63706590413626,35.469317507652036,26.064701440302713,24.23580423665156,2.0
5.975479733720226,36.44447208904808,35.05828320479363,31.786947168104756,44.71034690817104,1.0
6.989374561227918,54.865389225824046,50.97806056432444,42.29214784297051,23.005047798323567,2.0
5.277872191108054,32.31440313260296,45.02587043626176,36.03094684948834,19.62933926430004,1.0
7.212998430172388,67.81519082692346,44.74233935774167,21.49464721252956,36.6536893503283,2.0
6.259674601841865,43.03074054052411,47.03901384712789,54.85189916678891,22.038631968135046,2.0
6.125179192450402,53.01739483809259,16.966418151893414,32.6477531097798,20.499365025338726,2.0
7.2109599682034915,54.24931807319213,51.35183019980473,42.753907379990146,15.563957378302351,2.0
6.94426331148604,46.11642539443884,49.187031910204034,28.48285566422771,25.170901605394825,2.0
6.13903383418092,58.80040702212912,24.749753071352544,35.33359244705449,29.172849761035067,2.0
7.659329803364248,42.876445150662136,36.33879289488698,38.39468504518405,32.43091727660699,2.0
5.418936672400102,63.06945946185866,39.41039068558553,42.18194711754256,39.51306244299484,1.0
7.115935606944264,29.810304796298773,37.98254823397401,40.57368305378225,35.268979236657934,2.0
7.093101257968383,51.89569369319618,45.00789949852802,38.721970000729776,28.091277804468202,2.0
6.190453560686009,79.08393498587427,61.47050172746775,26.849132688058916,28.0180432362028,2.0
6.826133022242118,34.995030130916376,56.22650091509243,24.282539580439387,35.10157468915183,2.0
5.248886423614697,39.83382544212723,20.316712098528907,33.326075103241976,42.725701629285695,1.0
7.424027019206901,57.708617744883725,49.33104985459073,39.33128072341069,31.263141994832,2.0
6.3150978635570105,52.69372672909397,59.93399979303115,27.77279299223393,25.30869145789591,2.0
5.97727697948096,55.25945148910339,45.80212781033804,40.651719657143865,20.071339989144548,2.0
7.5490092258368895,57.337806952214954,56.3647063777895,44.52616745486179,15.547947355877746,1.0
5.79565630945724,59.52082202842655,70.18405668551148,20.836790809265803,36.662696720435235,2.0
5.091538703636441,66.64549762934334,55.35564319160472,21.6307929620372,35.77978523639557,1.0
4.943370826476096,56.147279853927685,43.739628934625934,28.596249410946637,35.773635251066615,2.0
7.10600995134564,46.38113518072186,55.676327111271306,33.076126681891964,28.713405536479442,2.0
5.219570647503717,60.08860551804097,42.173317496453365,24.75432986232949,44.069347458917505,1.0
8.254794181984364,78.49822902342824,40.35854564927433,43.52202678867144,25.158815054151823,1.0
4.418070592116278,48.010493804261394,34.72878646429401,34.24066861518451,39.55269237207206,2.0
8.196456368290038,35.38206042994038,63.45120038248162,30.394470482407396,29.61257105010457,1.0
6.711017467202619,66.60621003930459,27.723570010869977,15.640904761314724,23.916492353206625,1.0
6.403286888129608,48.19428254069603,62.98551587017174,16.841841835724928,35.925303073177616,2.0
5.9550809131910505,17.409956809789456,47.49796185610557,32.810092502818065,34.096361186839935,1.0
6.899136114352071,62.711325157256326,19.01040737797088,8.674043738451637,33.56972759266926,1.0
6.462365297575151,41.97007721069116,45.51473939487133,40.12637409644071,30.812784220561987,2.0
7.603301882016521,48.64200076543759,8.49960238522564,28.418461556276796,29.62106918283169,1.0
6.614227648662039,54.979704958535216,49.382620252465536,62.430929695947334,53.88371992870439,2.0
6.650301761461877,52.857495196685996,53.278472244834866,53.079162506161104,41.84256645196173,2.0
6.136387787786144,60.64177725708559,31.114660665219198,28.185509307524832,37.22826894985512,2.0
6.4430543762789325,43.46770444145235,41.85321543933374,28.936629974686852,31.117991582033884,2.0
6.807801768892059,57.69658697264124,69.31236150625429,39.9558151400203,40.07157200596669,2.0
4.789831607343374,46.106799836241244,32.41379943607095,47.031726099180375,35.17994776391452,2.0
5.151814577894287,61.08215721331254,24.11638619415099,13.619709425639833,30.262047527740357,0.0
7.243264094022715,59.2305122601958,62.22495103693898,12.136245346453133,26.96435674734085,2.0
6.670865438127942,35.96841946933107,69.43880785796192,23.779651944456184,29.19082662337312,2.0
6.3160166636473205,66.28973174262549,40.05543507771771,35.82737583173864,0.0,1.0
6.518433933065393,41.96054832328928,55.171945531125345,34.968735905075974,32.10600839297642,2.0
6.847581705361671,62.12086697421718,60.122138732963215,40.6977145498385,25.115239198896404,2.0
5.960240319690638,55.50930970102011,28.86273651192424,18.003024716346918,45.926699982828836,1.0
5.721695274597687,77.57275515192684,32.72041246948198,6.838561370311233,30.193440708117542,1.0
6.695845255097682,46.64801026442222,58.463117697321024,38.58014195302145,18.11036580465038,2.0
5.521627222384968,44.760248058227035,65.27521418062764,21.718037270347654,29.50119845871882,2.0
6.9082527557144715,49.708705911684014,48.44321290261532,9.815121356113622,19.538789149374956,1.0
4.797416395762159,45.452303257485866,26.802784697469185,31.450637459593818,34.73407415712467,1.0
7.529155637325644,61.99912852913075,69.80591667549162,37.931756882186775,32.909473643394854,1.0
6.972597482413043,25.755340873451182,32.03543653282053,28.779428678787227,39.57839631108268,2.0
6.756029734313875,34.194763712804686,34.97293328242822,25.421516138175107,22.091182083054345,2.0
7.482690983945514,33.9829561763121,45.135067517344325,28.406377678540935,30.34008096228147,2.0
8.165474444462577,64.25461387960364,63.31240631072161,26.294172375992172,16.349782045733647,1.0
7.514370065018131,75.65920058872888,52.80963964828335,16.51952888059833,37.01494781924715,1.0
4.659125768668355,48.433261721937924,46.222982505428654,22.853193230095684,35.18871180440122,2.0
5.220423033264298,47.46767415214984,46.94932795177159,35.212799050138145,34.95805021027571,2.0
5.875181422304321,51.050782446697724,40.65272002965199,33.216785413765,30.01619031356941,2.0
6.526091050210834,67.42817453912286,48.37209271777759,31.680598059668203,34.14772890788791,2.0
7.017659020469123,36.089702987141386,2.056598834585458,20.048515181466207,46.043391083085965,1.0
5.774256186846534,53.57553474102178,35.55088811395302,28.18496837864333,27.149057429579862,2.0
6.6867667644770785,64.62796444673644,43.61982902375171,8.229349535571451,31.386451837100847,1.0
5.7446170676466775,57.51641254909768,22.734788745707394,31.7847666388539,19.138737008185903,1.0
5.888482197008051,52.843724248981154,45.7948497671734,44.288577078135674,21.317390384016676,2.0
5.0933389031517775,65.01569138850712,36.932931685208175,15.258678679578942,30.978132930933075,1.0
5.576766753889096,10.0,66.33213547473235,24.140723266822448,41.03933546701907,1.0
5.148315394383666,60.16812979296361,63.59529587822284,33.2910677871013,27.437191757484275,1.0
5.524126747022668,40.188864753088644,33.012916463227555,42.528426344274834,27.64083470687876,2.0
7.55364179660784,22.540506547153146,37.73743432649957,25.517753836998505,25.931147554956254,1.0
5.550601111168057,57.66803899287471,38.89078651587411,23.077496707341037,24.65243329155677,2.0
9.0,70.60487817744436,33.22510785760566,10.31076857583917,32.949714557088214,1.0
6.993317900880889,47.93827228058462,42.9253747604219,31.034381293081065,15.027423548213555,2.0
6.684836123694874,64.29311820804408,28.625768966686145,50.42076040143744,42.80939576666728,1.0
5.641642219818786,74.18417386982968,23.040769975937106,32.77358461964676,23.345777018705395,1.0
7.200309879408992,69.72371680376071,49.34066835850403,29.777210208162867,37.21903485438141,2.0
5.924362173762226,74.59946794057089,49.442943763327165,33.22082310766986,17.30001402606124,1.0
6.622009814645361,61.13191236607838,27.935263605100115,29.88907996051398,36.68840130546218,1.0
9.0,51.13150458352389,53.430331461438996,21.869856277398704,36.719446078144976,2.0
6.40394010027535,25.970512821542474,30.52633406252003,38.232799156777055,33.84202072005897,2.0
7.649273326285676,46.30906267805077,43.797478570569716,32.25761523111754,20.055714782002077,2.0
5.796823574874113,37.35130107025712,52.30516018918684,30.176132519336573,32.495481895980774,1.0
6.4650115095030385,82.5641407624672,39.4958115294443,20.246339727217503,18.16943815265611,1.0
8.27080063563551,47.36171281351495,46.821113682117016,43.03507931934759,27.472367449038146,2.0
5.873032942212233,51.848072101767286,32.25355534168642,36.6470274533311,40.29413100955326,2.0
8.312448557996928,58.272280640607015,37.05300124857854,24.470791626326978,37.96701927070742,2.0
7.207751935455476,50.654036695586804,36.9121085367949,40.01824853681937,30.15182942540433,2.0
5.937533224105732,75.4257656064613,28.801324801896417,25.024291616147927,20.251934240771583,1.0
7.132407739055521,40.66025957398322,37.348387553263265,22.17996507488963,36.455877121741935,2.0
7.47255444962673,52.91911182855864,16.7707255170438,22.402968825197128,30.19381237698025,2.0
7.121809962217196,38.86294121452927,32.63269379286843,12.289314469119088,6.7968440176957685,1.0
4.929775280109544,30.199662331689414,35.726867599454934,34.71542380418206,37.826298263165185,1.0
5.772862824175132,40.82346363642072,36.1573037125693,11.6885512166165,29.75767166130308,1.0
6.252481364448495,49.44444804427382,36.377538311938316,17.715561687342372,42.02451247983072,2.0
6.425566570899954,43.5604666322411,39.073537002098064,9.244119909214668,19.047294811571952,1.0
7.120672097550678,39.61368530189216,47.19162277129096,29.13930307209107,0.0,1.0
6.677701000933254,28.90523804492249,53.11775611198784,28.49679539728128,32.79083858345185,2.0
5.164655641289899,48.75341641056958,30.25352159727599,26.73303786813636,32.91563676681973,2.0
6.880197851005963,27.429194389534967,21.951987169162834,19.574223053294237,13.093283723935482,0.0
7.1105857452838235,61.40083945534404,24.369333816353453,18.2776624656336,20.215004541333936,1.0
7.059790447931039,51.23659629401755,32.69195618207609,34.64369863546574,57.55217743719902,2.0
7.580780725554622,28.13672750802604,34.72118023275236,24.494480682915125,26.943893858461966,1.0
7.333922154548904,45.36186384425205,28.450059007038142,33.16358321536145,37.30958976376216,2.0
6.959180079228437,38.71765391614125,20.558250036251582,21.147513138757773,23.493401726316165,1.0
6.429834288541353,54.78761765628771,33.15818758788718,31.810627427710823,9.096971011468433,2.0
4.839039066484009,70.10675669034717,42.72139930170957,43.032780373160634,28.297417532040946,1.0
6.9296182191325855,21.87241295531383,48.925441987533475,35.861658003927836,27.343954397138948,2.0
6.707687687163111,51.72539118721126,31.638654203375182,25.875861817835197,26.001217613316285,2.0
6.771578837195373,47.59800806650039,33.80503266784849,32.571989703559275,28.853591644936074,2.0
5.223251424179691,60.07010114675698,26.09952536729034,27.59334825469787,32.64268271645636,1.0
5.418943459591738,53.19794942356533,39.528412444378354,30.078801846947282,28.498830487461934,2.0
7.553152853332904,38.72046002391771,27.273570487137782,26.743889478514966,17.35993832052636,0.0
6.460444846143345,45.214190965000725,48.596917198618,28.35664794114609,34.86184791561939,2.0
7.181500697372624,38.05961214794766,13.212002620988333,32.12093353074175,10.506282446775767,1.0
6.5283183761304615,66.14010707897897,34.60555491321306,20.066413004180493,9.496425427157998,1.0
6.5297561394957455,50.319674730079136,44.51661008787613,19.841211730100216,37.39180494701568,2.0
7.438283805975997,78.5178602862951,42.757517744837564,16.114574461687887,35.07020272135357,1.0
5.9839552717826265,49.090087792780686,80.39550495970745,13.997288954962901,29.42604634925964,1.0
6.5961207769409835,39.37389849634306,45.24700036851861,17.82717307779521,16.04551495244928,1.0
6.037724711294958,27.29428411080759,24.939181047369846,31.594625068041292,22.920890593259244,1.0
6.065503772567684,22.952904856160824,38.5680362936639,21.07212484508116,27.37253252313496,2.0
6.190827876531361,26.237960854917652,13.356304998003225,35.13614464231096,14.041060314258866,1.0
6.722133771633713,54.00689976517225,38.791003760548584,30.347137487525618,22.609713419767672,2.0
6.0212513783365225,57.63087534844901,27.50415914498862,10.314957865619462,36.523303381766794,1.0
7.755756125573521,26.282139469518,53.730854133402424,36.549755842216896,44.273053642892165,1.0
5.605392697780496,63.425574711141735,31.756895881066974,38.1079864559171,25.805652473414494,1.0
6.313128355838641,42.75408422474841,38.2485112630713,20.061373251651467,37.56488354316098,2.0
6.060268941725825,52.20189517978324,30.466632378933948,34.20191542894992,10.859399294125328,2.0
7.946977884353733,74.18330942383136,66.08277027779997,21.43501762590801,36.594512411136115,1.0
6.696554776511575,63.452589737982976,35.18135850823133,30.976703767483354,21.960515852725187,2.0
7.531844539468635,45.97204028141252,67.48835565218803,17.355015930450342,33.0734561670797,1.0
5.0144396269630285,36.63211661877069,52.212276431774,12.068935474654232,27.522475817602906,1.0
6.767050265869258,17.722768980060422,47.231000910030794,26.171828103870315,43.20414009783834,2.0
7.389630795623437,39.212700211363696,45.530997209762795,28.76271053725164,21.25564351660082,2.0
6.582283989275425,46.83304641758458,45.906959473243774,26.02320306385396,36.27606297561831,2.0
7.565480375065351,35.19230709273224,11.084911309815851,18.159694417774404,27.204925367034665,0.0
5.982711549899628,48.031145493615426,35.81674908773865,26.00100937868863,28.41694521990336,2.0
7.90934744018558,51.15277824438152,52.67736956776483,32.69294752580734,28.161461068407903,2.0
8.79889812361925,46.627160272878825,39.26654224788842,29.55106969877463,21.54326895505887,2.0
6.137161439560341,40.249961287648105,18.922152297946376,31.825010305992134,29.859010340933285,2.0
6.054497478599228,52.529820079500915,39.213933241337955,23.29884799545767,29.373517778781785,2.0
7.953384477117701,56.629109743541136,65.56158274383236,41.717179147161595,32.41240248406729,2.0
8.079572145730712,33.64401383835731,58.70337573302079,18.238266634452195,30.845051456928626,1.0
5.977139972846731,71.16398569619405,39.069939859509525,34.875602970867185,37.97994549612236,1.0
6.079813182904143,48.521178015736076,54.2717391558713,41.81891092959962,39.235086160473685,2.0
6.218215391139493,50.28274434417271,34.50239469447922,34.80908092748896,19.493766781721988,2.0
5.155549488965723,60.62321634884836,14.441926197599216,27.9747577293517,38.68772500590771,1.0
5.581348053515802,53.49824196895253,26.133010178056686,24.71702953337021,18.136635728901457,1.0
5.495859233247932,64.29704950869868,63.443331527622966,40.36087651046256,35.87855888137735,1.0
5.732202434895871,54.30686247802736,35.89010377256044,15.770250747383269,36.197387847028686,1.0
6.465315112613219,40.81343938039343,36.34924030937473,20.298757396203563,10.886831083374958,2.0
6.734214732536521,55.42255287809152,35.502427055876794,26.024422345082787,30.929792465294096,2.0
8.050500492814077,32.844106890190076,68.56204884359511,42.37653757511998,25.315038866396844,1.0
5.501645959261209,51.62839558664785,64.38938373043095,33.79767636040896,22.41234742064625,2.0
7.484322398476584,49.50155014033309,73.281703501722,20.319542414897548,43.50852330699006,2.0
6.286011155774491,46.8782471409119,37.61432184399923,26.896922946150962,23.46320859362581,2.0
6.450536290347567,48.07193732841604,44.434367331206424,23.856768559037057,21.9362307088195,2.0
7.174819492166604,21.772264317535413,17.250361758688133,22.90211007766465,30.756949400050935,1.0
5.377277978437702,41.76912638388558,62.15401639177412,39.78889558556779,36.85589746298416,2.0
6.8824097461840505,51.39267351711672,22.483306730980974,16.282568707364945,28.583514139898732,1.0
6.666452208213056,52.397845879961004,43.251633456439436,46.087808557343735,41.663705456692526,2.0
6.9924512640081495,34.58487288611063,23.54046208550734,38.28229690184623,35.30975661964091,1.0
6.789168643907818,68.98561761297051,31.166997598919558,40.90861670603698,8.217886802685697,1.0
8.955300139910895,37.007377276782485,27.441063534254496,25.370604879747418,24.705330364929917,1.0
5.862260015748684,64.54185800790106,30.881871089862734,28.500592809208907,24.38157900648301,1.0
5.969003044998182,56.40791542807527,31.91315945276532,15.66848185475288,34.79360953429422,1.0
5.8768594735752355,40.30659035234295,31.775968076123846,24.75337592933197,3.7518294362588804,1.0
5.944522880839745,76.62966338914268,52.50000867670461,34.93654847643151,55.49009708717722,1.0
5.862612872693482,32.095447523652794,23.427058104062198,42.96063061781396,35.3102609489421,1.0
7.689016531107551,63.787312604150024,43.308121405208006,18.928431831975484,31.48876803917691,1.0
7.920504247989855,65.00873477064468,58.269387284583374,26.34494063014734,41.81567716419146,1.0
5.929253706250524,39.94069686385033,32.30205453229906,28.487007797674778,53.436540528126244,1.0
5.667644426895771,70.88697950096493,29.231216638785973,16.042107978075148,38.70746644588403,0.0
6.971415556386404,46.24930228101571,36.542130622296234,35.913492417584,39.4881309647162,2.0
5.9477769557190285,54.33040443919786,57.69587812541065,22.76009668257391,31.306900244643824,2.0
7.1329318177555106,53.90482758156831,42.911614464300364,28.04609648822976,28.584742466330518,2.0
6.7029230208512995,47.98536887794178,32.03178558088602,25.480506280881222,25.242045559950988,2.0
4.984255885002768,62.16212409739673,47.2581497678206,22.106614942803255,21.73888008285458,1.0
8.047505201330061,61.902330808283196,23.46561775245365,29.929550145194455,23.129859003005027,1.0
8.295877673095521,23.772020401427287,50.22039265664422,27.843904214319778,16.494440356570166,1.0
5.887211309515614,69.56510364317229,46.12910961552652,26.281421177213346,29.241285493149768,1.0
6.1122984400640155,25.062620179464886,35.38287293291674,22.71538378319657,13.153324227736132,1.0
6.785865390724905,65.48819306512486,27.421213023291536,33.195246707829554,31.90916524143711,1.0
6.8344567899870245,66.90057705241375,26.69978616574814,46.536172684922846,29.636693919576583,1.0
7.15854427267283,33.63550354677203,48.02226004518865,31.398872328391274,31.469352983866877,2.0
8.510204538766349,43.83778568068123,58.434707537335925,39.96118214911129,24.778684299800076,2.0
6.32305277250595,33.41442997271096,30.440383794568078,16.097780748465375,60.768603701805034,1.0
5.701702755461547,46.77618454566897,46.87580055327226,31.577614392937694,43.601159001803126,2.0
5.120680771985473,45.379485737213884,8.694594720968968,19.026316810289334,17.55457499915277,0.0
5.769069960058081,61.6949079840401,31.230734040142007,15.230750724680986,32.32868087426898,1.0
6.466873027126203,69.65463119179412,39.53411600693647,22.606285925409637,23.919938570626762,2.0
8.294557863517788,70.93525716184934,26.354748745272495,41.91899334413573,19.85520273292586,0.0
5.982388700963829,41.567479601325466,25.95240437815606,39.500158286696454,16.599279288760652,1.0
6.723787951638898,46.86167189383208,29.983306652966707,32.430047220544,34.32216690759254,2.0
6.483577103927248,24.748427116685747,44.3828909248956,14.672994401100691,23.186197649304262,1.0
7.688393273448084,37.911949002557165,37.19006472390438,28.037193486120632,39.678260240252044,1.0
9.0,64.47277449646187,6.426531500125421,33.01700008901736,39.93782214530439,1.0
5.9691312270796795,74.23374235322348,8.189497710474008,31.75536229578598,43.739143852114495,1.0
6.010560557481778,31.48476692180117,30.89702233214237,11.562064165192542,21.476132339258964,1.0
7.544160877069072,41.11303611270659,46.86529879080328,21.09682151980128,34.753656106920104,2.0
7.181891489626311,49.603913645616096,0.0,29.359222358512834,36.32454216642301,2.0
8.346707325736034,54.2024173822941,32.50404735772554,35.3629090951719,25.25821824896035,2.0
7.083928185325964,37.85594720117531,32.106282152238684,8.038721789000537,22.28228042607125,1.0
6.14070790921294,56.36091566696135,60.82506667312671,28.378760245201416,46.09520665775973,2.0
7.090654830692309,42.89240979393626,34.22467282430705,31.430487698789523,32.27495875732054,2.0
7.608703580582908,49.78321593682581,45.74483477111393,38.49611988516213,36.35967750711738,2.0
7.320482181197364,58.194263720055496,42.118857101311946,36.928575842374364,21.779239881720727,2.0
7.007274031107298,50.09633404716407,8.04150280289199,35.82571318808805,17.807155334778063,1.0
7.566674689589154,43.45421164210147,51.52310824947606,22.000594932980658,24.305502255078896,2.0
7.669295590445673,48.35585294111254,43.23094758184432,10.919978628766923,28.75978612610003,1.0
7.882158991037527,48.67455561191997,47.62402959511884,26.06947242938599,19.357799931826513,1.0
7.148709887589643,44.449834551768085,98.8935655965449,40.0163182520856,29.90155191349617,2.0
6.332881919683146,46.11805905999346,8.738305907521173,43.93454527524432,13.114948119314999,1.0
6.646713686433323,73.97970755757075,65.87044974641663,37.10549102297785,18.799525775301277,1.0
7.706508966508357,58.41379171911858,35.688287208994666,34.29340822801734,36.70911248276875,2.0
5.683064329012764,45.56779522956259,44.30993356604514,33.79639648385965,36.037905202778944,2.0
6.868673308872901,60.45431606766103,39.31731632048137,24.438812532392195,26.081232346131337,2.0
6.106661187672639,44.99270765365985,33.63645499902935,28.6993970644638,19.82235690923047,2.0
6.528744822934818,67.59686956379961,31.45250607641862,46.69069525826331,19.72596448473989,1.0
7.778451862607299,55.544632882971406,44.942631033595134,20.574419942081235,26.26731754058686,2.0
6.691099068019903,48.39046783993657,17.242394549924814,46.14778790709852,36.44518491645292,2.0
6.546436548156149,56.715753887154165,51.258687512826484,26.779718455079415,39.28245691344325,2.0
5.140143859020081,26.43685771897251,33.757083926721194,43.25432109095078,25.03468264518031,1.0
7.246253566027221,33.09848796635292,23.048959914394633,15.931849905024617,18.465075740152162,0.0
7.145484181141075,32.091124904014166,33.24980713006279,35.859042011646494,32.678436378663335,2.0
8.66325472330546,52.1441464214556,58.85723825293859,22.63229864052378,21.764650293741504,2.0
6.192221765046999,75.98772499227638,31.969973694756654,15.847328080758125,24.817473611387975,1.0
6.719150327663939,83.46950219288948,45.3768042731443,32.185340424109455,43.252760904370376,2.0
6.7493836837107555,59.57076652161136,29.035655864267902,40.09471788595969,38.27115428565768,2.0
8.077453279763475,57.51266712416685,51.368827748854294,21.550585614065035,31.579743122514518,2.0
6.404704467613048,22.984133987708915,50.282616081853064,15.009840395415988,17.28080998887277,1.0
6.7790215257703395,41.859893003989676,67.72913249944617,29.081552356650448,32.11396567470659,2.0
7.107896509716539,38.183243721376414,37.36654081751177,29.12564671222819,40.626572907875264,2.0
6.686609123156358,40.68728602623326,50.0298220713686,35.483196275544984,26.243663342344643,2.0
6.0535663854494715,47.47784272122816,41.47101309308417,39.495945713644886,43.51114089986715,2.0
6.6940899928983075,42.91864133454309,59.438076727945216,29.40584818727506,42.92745289518207,2.0
7.573631749859772,20.310502844363185,29.217514185869042,48.55503314794263,46.63732832143474,1.0
5.47348470058894,61.21865384176301,51.17507969315922,32.24234744535292,33.05243126531353,1.0
6.632969674146876,33.9088546139029,37.079540558249775,26.535734939931004,35.873916998060125,2.0
5.799879185060827,53.588702961667245,39.037177343372534,13.88432640897172,44.141872883310896,1.0
7.6950466289248425,81.1112400462496,41.37628726672559,27.373404796838322,34.473939370689756,1.0
4.976813095216225,36.20923112620365,43.78360594640016,26.636130545888637,24.98765892209787,1.0
5.941078152728411,12.045687158805052,38.256564353170624,39.6030479628147,25.514571634721385,1.0
6.877211875064521,45.70993667179834,43.22069774755789,34.62483624066854,32.38554953773739,2.0
8.065524029234341,66.51439452497857,63.67177086343277,18.206308783673826,17.094385780537813,0.0
6.434249738927012,79.37521181330891,54.78174528422828,31.722543864110374,28.567410846358072,2.0
5.944800473306802,31.55675608321375,53.03731888745345,36.71531171729053,40.96547118230254,1.0
8.38115706944059,57.45048834854782,33.16690710964194,45.280313593878326,8.087461488347188,1.0
5.051986099583756,43.0203431482992,26.661387576575137,38.875039674140595,45.34482101794515,1.0
4.301194043379918,48.410774685437964,54.32950837356629,37.60846654311478,41.2237421870316,2.0
6.940014450053332,89.66515020525551,53.14070188794692,30.600859946151637,25.402353841695238,2.0
5.997945775647389,27.455445074072703,62.090060136264725,33.883120054234496,35.43390827871809,1.0
5.478767182869287,53.8060949224186,30.94029061046156,42.49504900706159,30.031477269063267,2.0
7.208356447299353,57.0153975764815,36.55677016959479,16.672226025203503,42.299903684386834,2.0
6.743800713771199,66.2867948740902,15.407737562118488,26.50560672783044,39.82683142769941,1.0
5.935921369263272,51.46974730206343,34.11293340908691,22.274312512437593,15.999292768169909,1.0
5.219695601329105,54.62075809256154,54.94855765869171,33.79153118726124,35.87262413464177,2.0
7.372457328280145,44.125271488673135,33.002569311577034,42.302221756507876,27.943721463567524,2.0
7.150201177958661,54.03690411867661,49.60719692801236,24.03025713278926,30.828325705180998,2.0
6.400824136220617,44.85211586753884,37.14245341003283,6.096956325305619,22.718280990301842,2.0
8.346636996047666,59.323578347840765,44.86085542332341,25.8777925497553,47.481370691208355,2.0
5.429915233673848,44.45584495934549,22.78462915276499,39.13473732017407,40.40061819902576,1.0
4.974474829075261,55.65650590853279,41.27814174450852,35.376299029498796,22.60228836027033,2.0
5.8080919301187555,49.56105779472532,0.0,34.281862478105765,16.653893930897674,1.0
6.4544139836445025,66.89075376158252,37.19655762757023,27.2000669812552,26.14327369022152,2.0
6.743339449322692,49.229094146172706,15.542901344272899,17.209692637802135,34.34502646091306,1.0
6.25876394214367,23.40451297689678,58.08991774820224,35.15294321624467,32.40205843946223,2.0
6.852055396514297,68.92882251070988,51.661110291467665,21.65718189965375,42.53132824768244,2.0
5.248460575809556,36.414015487060716,47.000064729491214,51.840967333804564,37.89919722180852,1.0
7.94376460407326,40.1935049202677,62.815093407390705,35.70507208354516,39.695690257529066,2.0
6.417848821607431,41.065080589347616,25.766252187627444,24.19351697446049,33.268554006104374,2.0
7.617295831588128,70.61657139756227,66.21044796873338,23.886147526113717,16.1070126978901,1.0
6.842725346377704,17.964886790319568,53.98287346390577,29.070557933864116,28.043014688530985,2.0
6.956753219153784,90.0,36.45167069171581,27.6049807797825,40.600897399086655,2.0
7.069767280232204,65.84085213599077,57.03430220774416,41.16833775529955,29.48477071475354,2.0
6.947708560017315,53.348583711937394,23.40559731382549,31.864161697440462,35.030903686237465,2.0
7.142722759867544,49.1765899907557,27.632287577084895,22.68368261091472,26.812516847538667,2.0
7.829152530132431,54.28331112286485,30.871154151404493,48.90440685155782,19.70188151458155,1.0
6.69652116970147,57.81683642569008,32.06533437903977,30.493083315202227,28.766559359538896,2.0
7.209003757588512,59.678233789250854,24.15163535859621,37.68839675968897,33.09047443032654,2.0
6.410264305712773,58.334066990051724,58.34624600642988,23.91773492555241,23.443122805385563,2.0
7.940117215449472,51.34371021882873,36.117183994452525,33.631156277445236,27.642887551433315,2.0
5.82360769794073,47.03992369539011,45.28757452535319,33.11109991143195,20.605367580140175,2.0
8.300940432910815,47.730900745197324,31.44472950379479,11.103507079038472,41.19244917564096,1.0
6.4598420493556565,47.07637579470978,12.690950491772242,50.1527511046064,27.05544242411966,2.0
5.069224897881952,67.00655145300597,44.05086037587133,42.906444609225474,44.52755545126183,1.0
6.628104414910789,58.90335083421293,11.316175368703348,26.028046838540124,45.287478505409084,2.0
5.818948342525119,10.0,38.97048930871797,18.977302595441444,29.18954035278256,1.0
7.340643548988724,59.83851164794642,19.475274417507844,33.47561613803552,19.915512674526504,1.0
5.8473760206976095,52.92104292078162,69.80913998846212,30.866976994143965,9.141021222666627,1.0
6.05381656678522,49.71936865331154,53.67044083262083,33.55668948563229,15.279629269732084,2.0
4.610459269054469,44.17222320366671,41.5863068690722,31.915773961940896,16.2616517510134,1.0
6.047693680750923,66.86169079979021,58.95560016482003,35.06240989305926,43.784696274615044,2.0
4.076120673371044,64.21289693184286,27.305260338013962,44.473056993918064,31.15824587226946,1.0
4.916097176514277,38.40683498264586,48.1521906800514,35.681032051286465,33.896045240919875,1.0
7.260414656144297,56.105784306868024,42.9971565057807,19.503445010900588,7.79578991064874,1.0
7.285800158650832,35.42514898188071,43.96030122000505,43.62562852712452,18.020335707827385,1.0
6.925457561784965,29.30572752816604,59.08530250160152,46.406145634882876,38.87079776446287,2.0
5.533023856870787,40.59924163115052,50.98738154169703,61.52056734512085,32.867741123825866,2.0
6.4522886438580205,62.93590208574138,44.330854942375346,18.76505966760402,28.527947213144028,1.0
6.4963974609094315,64.2968756806413,15.176688456575558,32.42882013150275,35.64842358600123,1.0
5.341635310807457,57.69628130145939,25.599305570808042,9.17901296811013,46.35797806135815,1.0
8.00339830176715,60.87643680271996,38.15936599606414,35.53149156379209,27.789575364629496,1.0
7.377362290575672,57.742674306724375,41.40058561414977,24.517997018332274,30.693698026580694,2.0
6.279035826170336,40.37777607165572,23.04694412989114,49.23445794824953,31.92596918731305,2.0
6.526885838994531,56.47883817010911,76.17515013367631,22.253850299814182,53.92109635273992,2.0
6.708382807947553,62.00614287841523,62.74591082880359,13.108169620327384,9.006437355809744,1.0
4.458265131575709,61.314369947203616,49.03177480588725,25.2873625929748,36.83223014788808,1.0
6.252822617479403,67.83370057211964,41.08055291925617,10.245122287828625,28.851977512409363,1.0
5.818015752002202,60.624557708015956,36.81686545148273,37.5109945450731,35.667717261841794,1.0
5.498379990105084,55.27172311312374,25.721223099666467,9.349169537436794,23.426274460052756,1.0
6.218899707114045,66.05225357474642,41.16220777778294,30.284575811831587,29.5103496914155,2.0
8.297686526849523,49.6021811112641,43.86628810214126,9.22188180143803,37.114105794654954,1.0
7.14084286126701,36.771880231584234,21.373591367775635,26.797021954633582,61.12910201043841,1.0
5.928821010217203,47.553995540843545,45.01264625867346,46.43378155804534,38.08036189402071,2.0
7.072582781356159,38.82646032790326,37.67111426762877,33.60647891435795,21.519344019694913,2.0
